䔨,https://www.aozora.gr.jp/gaiji/2-13/2-13-47.png,「てへん＋掌」、第4水準2-13-47
撿,https://www.aozora.gr.jp/gaiji/1-84/1-84-94.png,「てへん＋僉」、第3水準1-84-94
位,https://www.aozora.gr.jp/gaiji/1-14/1-14-76.png,「勹／夕」、第3水準1-14-76
〻,https://www.aozora.gr.jp/gaiji/1-02/1-02-22.png,二の字点、1-2-22
聱,https://www.aozora.gr.jp/gaiji/2-85/2-85-13.png,「敖／耳」、第4水準2-85-13
位,https://www.aozora.gr.jp/gaiji/1-14/1-14-76.png,「勹＜夕」、第3水準1-14-76
梥,https://www.aozora.gr.jp/gaiji/1-85/1-85-07.png,「てへん＋黨」、第3水準1-85-7
䓅,https://www.aozora.gr.jp/gaiji/2-12/2-12-11.png,「廴＋囘」、第4水準2-12-11
噯,https://www.aozora.gr.jp/gaiji/1-15/1-15-23.png,「口＋愛」、第3水準1-15-23
䗱,https://www.aozora.gr.jp/gaiji/2-78/2-78-12.png,「てへん＋毟」、第4水準2-78-12
睜,https://www.aozora.gr.jp/gaiji/1-88/1-88-85.png,「目＋爭」、第3水準1-88-85
Ⅰ,https://www.aozora.gr.jp/gaiji/1-13/1-13-21.png,ローマ数字1、1-13-21
䤣,https://www.aozora.gr.jp/gaiji/2-89/2-89-30.png,「足へん＋寿」、第4水準2-89-30
䪦,https://www.aozora.gr.jp/gaiji/2-94/2-94-57.png,「麾」の「毛」にかえて「公」の右上の欠けたもの、第4水準2-94-57
ヹ,https://www.aozora.gr.jp/gaiji/1-07/1-07-84.png,濁点付き片仮名ヱ、1-7-84
⁉,https://www.aozora.gr.jp/gaiji/1-08/1-08-78.png,感嘆符疑問符、1-8-78
璉,https://www.aozora.gr.jp/gaiji/1-88/1-88-24.png,「王＋連」、第3水準1-88-24
渗,https://www.aozora.gr.jp/gaiji/2-78/2-78-61.png,「さんずい＋参」、第4水準2-78-61
㾗,https://www.aozora.gr.jp/gaiji/1-08/1-08-77.png,疑問符感嘆符、1-8-77
踠,https://www.aozora.gr.jp/gaiji/1-92/1-92-36.png,「足へん＋宛」、第3水準1-92-36
䍅,https://www.aozora.gr.jp/gaiji/1-94/1-94-06.png,「需＋頁」、第3水準1-94-6
䝬,https://www.aozora.gr.jp/gaiji/2-83/2-83-40.png,「竹かんむり／銭のつくり」、第4水準2-83-40
‼,https://www.aozora.gr.jp/gaiji/1-08/1-08-75.png,感嘆符二つ、1-8-75
ä,https://www.aozora.gr.jp/gaiji/1-09/1-09-58.png,ダイエレシス付きA小文字
䇍,https://www.aozora.gr.jp/gaiji/1-47/1-47-78.png,「山＋険のつくり」、第3水準1-47-78
揷,https://www.aozora.gr.jp/gaiji/2-13/2-13-28.png,「插」でつくりの縦棒が下に突き抜けている、第4水準2-13-28
檞,https://www.aozora.gr.jp/gaiji/1-86/1-86-22.png,「木＋解」、第3水準1-86-22
尫,https://www.aozora.gr.jp/gaiji/1-47/1-47-62.png,「兀のにょうの形＋王」、第3水準1-47-62
挘,https://www.aozora.gr.jp/gaiji/1-84/1-84-77.png,「てへん＋劣」、第3水準1-84-77
䩹,https://www.aozora.gr.jp/gaiji/2-93/2-93-92.png,「鑞」の「金」に変えて「魚」、第4水準2-93-92
晷,https://www.aozora.gr.jp/gaiji/1-85/1-85-32.png,「日／咎」、第3水準1-85-32
瘭,https://www.aozora.gr.jp/gaiji/1-88/1-88-55.png,「やまいだれ＋票」、第3水準1-88-55
譃,https://www.aozora.gr.jp/gaiji/2-88/2-88-74.png,「言＋墟のつくり」、第4水準2-88-74
怳,https://www.aozora.gr.jp/gaiji/1-84/1-84-45.png,「りっしんべん＋兄」、第3水準1-84-45
䋸,https://www.aozora.gr.jp/gaiji/1-92/1-92-46.png,「車＋（而／大）」、第3水準1-92-46
䋱,https://www.aozora.gr.jp/gaiji/1-92/1-92-37.png,「足へん＋倍のつくり」、第3水準1-92-37
僦,https://www.aozora.gr.jp/gaiji/1-14/1-14-40.png,「にんべん＋就」、第3水準1-14-40
䋽,https://www.aozora.gr.jp/gaiji/1-92/1-92-55.png,「二点しんにょう＋向」、第3水準1-92-55
鏽,https://www.aozora.gr.jp/gaiji/1-93/1-93-39.png,「金＋肅」、第3水準1-93-39
䊅,https://www.aozora.gr.jp/gaiji/1-89/1-89-60.png,「筑」の「凡」に代えて「卩」、第3水準1-89-60
ヷ,https://www.aozora.gr.jp/gaiji/1-07/1-07-82.png,濁点付き片仮名ワ、1-7-82
䊠,https://www.aozora.gr.jp/gaiji/1-90/1-90-51.png,「鍔」の「金」に代えて「月」、第3水準1-90-51
欵,https://www.aozora.gr.jp/gaiji/1-86/1-86-31.png,「肄のへん＋欠」、第3水準1-86-31
䋅,https://www.aozora.gr.jp/gaiji/1-91/1-91-25.png,「くさかんむり／（豕のにょうの形＋生）」、第3水準1-91-25
䟽,https://www.aozora.gr.jp/gaiji/2-85/2-85-37.png,「月＋俘のつくり」、第4水準2-85-37
é,https://www.aozora.gr.jp/gaiji/1-09/1-09-63.png,アキュートアクセント付きE小文字
ù,https://www.aozora.gr.jp/gaiji/1-09/1-09-78.png,グレーブアクセント付きU小文字
燋,https://www.aozora.gr.jp/gaiji/2-80/2-80-03.png,「火＋焦」、第4水準2-80-3
麬,https://www.aozora.gr.jp/gaiji/1-94/1-94-07.png,「風にょう＋昜」、第3水準1-94-7
ê,https://www.aozora.gr.jp/gaiji/1-09/1-09-64.png,サーカムフレックスアクセント付きE小文字
è,https://www.aozora.gr.jp/gaiji/1-09/1-09-62.png,グレーブアクセント付きE小文字
傖,https://www.aozora.gr.jp/gaiji/2-01/2-01-77.png,「にんべん＋倉」、第4水準2-1-77
欵,https://www.aozora.gr.jp/gaiji/1-86/1-86-31.png,「肄」の「聿」に代えて「欠」、第3水準1-86-31
䧣,https://www.aozora.gr.jp/gaiji/2-91/2-91-94.png,「靜のへん＋定」、第4水準2-91-94
帕,https://www.aozora.gr.jp/gaiji/2-08/2-08-83.png,「巾＋白」、第4水準2-8-83
䧣,https://www.aozora.gr.jp/gaiji/2-91/2-91-94.png,「靜」の「爭」に代えて「定」、第4水準2-91-94
Ⅱ,https://www.aozora.gr.jp/gaiji/1-13/1-13-22.png,ローマ数字2、1-13-22
耦,https://www.aozora.gr.jp/gaiji/1-90/1-90-38.png,「耒＋禺」、第3水準1-90-38
䑧,https://www.aozora.gr.jp/gaiji/2-05/2-05-75.png,「女＋章」、第4水準2-5-75
䍎,https://www.aozora.gr.jp/gaiji/1-94/1-94-75.png,「鹿／章」、第3水準1-94-75
﨟,https://www.aozora.gr.jp/gaiji/1-91/1-91-26.png,「藹」の「言」に代えて「月」、第3水準1-91-26
䉿,https://www.aozora.gr.jp/gaiji/1-89/1-89-50.png,「穴かんむり／目」、第3水準1-89-50
䩴,https://www.aozora.gr.jp/gaiji/2-93/2-93-86.png,「魚＋雷」、第4水準2-93-86
弴,https://www.aozora.gr.jp/gaiji/1-84/1-84-22.png,「弓＋享」、第3水準1-84-22
嚬,https://www.aozora.gr.jp/gaiji/1-15/1-15-29.png,「口＋陟のつくり＋頁」、第3水準1-15-29
濹,https://www.aozora.gr.jp/gaiji/1-87/1-87-25.png,「さんずい＋（壥－土へん－厂）」、第3水準1-87-25
螈,https://www.aozora.gr.jp/gaiji/1-91/1-91-60.png,「虫＋原」、第3水準1-91-60
醞,https://www.aozora.gr.jp/gaiji/1-92/1-92-88.png,「酉＋榲のつくり」、第3水準1-92-88
醞,https://www.aozora.gr.jp/gaiji/1-92/1-92-88.png,「酉＋慍のつくり」、第3水準1-92-88
䛾,https://www.aozora.gr.jp/gaiji/2-81/2-81-77.png,「やまいだれ＋隱」、第4水準2-81-77
洮,https://www.aozora.gr.jp/gaiji/1-86/1-86-67.png,「さんずい＋兆」、第3水準1-86-67
痤,https://www.aozora.gr.jp/gaiji/1-88/1-88-47.png,「やまいだれ＋坐」、第3水準1-88-47
䋾,https://www.aozora.gr.jp/gaiji/1-92/1-92-56.png,「二点しんにょう＋官」、第3水準1-92-56
㾚,https://www.aozora.gr.jp/gaiji/1-12/1-12-94.png,アステリズム、1-12-94
膄,https://www.aozora.gr.jp/gaiji/2-85/2-85-45.png,「月＋叟」、第4水準2-85-45
眶,https://www.aozora.gr.jp/gaiji/1-88/1-88-81.png,「目＋匡」、第3水準1-88-81
䊜,https://www.aozora.gr.jp/gaiji/1-90/1-90-45.png,「月＋各」、第3水準1-90-45
䎢,https://www.aozora.gr.jp/gaiji/2-03/2-03-26.png,「宛＋りっとう」、第4水準2-3-26
｟,https://www.aozora.gr.jp/gaiji/1-02/1-02-54.png,始め二重括弧、1-2-54
䩨,https://www.aozora.gr.jp/gaiji/2-93/2-93-74.png,「魚＋條」、第4水準2-93-74
膄,https://www.aozora.gr.jp/gaiji/2-85/2-85-45.png,「月＋溲のつくり」、第4水準2-85-45
䙴,https://www.aozora.gr.jp/gaiji/2-79/2-79-92.png,「火＋二点しんにょうの逢」、第4水準2-79-92
噲,https://www.aozora.gr.jp/gaiji/1-15/1-15-25.png,「口＋會」、第3水準1-15-25
鼹,https://www.aozora.gr.jp/gaiji/1-94/1-94-84.png,「鼬」の「由」に代えて「晏」、第3水準1-94-84
饀,https://www.aozora.gr.jp/gaiji/2-92/2-92-68.png,「飮のへん＋稻のつくり」、第4水準2-92-68
辶,https://www.aozora.gr.jp/gaiji/2-89/2-89-74.png,「しんにょう」、第4水準2-89-74
呍,https://www.aozora.gr.jp/gaiji/1-14/1-14-87.png,「口＋云」、第3水準1-14-87
䑡,https://www.aozora.gr.jp/gaiji/2-05/2-05-68.png,「女＋冒」、第4水準2-5-68
滙,https://www.aozora.gr.jp/gaiji/2-79/2-79-07.png,「さんずい＋（匚＜隹）」、第4水準2-79-7
楣,https://www.aozora.gr.jp/gaiji/1-85/1-85-86.png,「木＋眉」、第3水準1-85-86
晳,https://www.aozora.gr.jp/gaiji/1-85/1-85-31.png,「析／日」、第3水準1-85-31
䓅,https://www.aozora.gr.jp/gaiji/2-12/2-12-11.png,「えんにょう＋囘」、第4水準2-12-11
䨒,https://www.aozora.gr.jp/gaiji/2-92/2-92-57.png,「食＋尭」、第4水準2-92-57
ā,https://www.aozora.gr.jp/gaiji/1-09/1-09-90.png,マクロン付きA小文字
輶,https://www.aozora.gr.jp/gaiji/1-92/1-92-47.png,「車＋酋」、第3水準1-92-47
ô,https://www.aozora.gr.jp/gaiji/1-09/1-09-74.png,サーカムフレックスアクセント付きO小文字
泖,https://www.aozora.gr.jp/gaiji/2-78/2-78-35.png,「さんずい＋卯」、第4水準2-78-35
腊,https://www.aozora.gr.jp/gaiji/1-90/1-90-47.png,「月＋昔」、第3水準1-90-47
余,https://www.aozora.gr.jp/gaiji/2-91/2-91-56.png,「門＜困」、第4水準2-91-56
Ⅴ,https://www.aozora.gr.jp/gaiji/1-13/1-13-25.png,ローマ数字5、1-13-25
漪,https://www.aozora.gr.jp/gaiji/1-87/1-87-06.png,「さんずい＋猗」、第3水準1-87-6
䢙,https://www.aozora.gr.jp/gaiji/2-87/2-87-40.png,「虫＋召」、第4水準2-87-40
䉀,https://www.aozora.gr.jp/gaiji/1-87/1-87-48.png,「火＋欣」、第3水準1-87-48
蜓,https://www.aozora.gr.jp/gaiji/2-87/2-87-52.png,「虫＋廷」、第4水準2-87-52
䔶,https://www.aozora.gr.jp/gaiji/2-13/2-13-65.png,「奇＋支」、第4水準2-13-65
ö,https://www.aozora.gr.jp/gaiji/1-09/1-09-76.png,ダイエレシス付きO小文字
–,https://www.aozora.gr.jp/gaiji/1-03/1-03-92.png,二分ダーシ、1-3-92
䏷,https://www.aozora.gr.jp/gaiji/2-04/2-04-39.png,「口＋僉」、第4水準2-4-39
槖,https://www.aozora.gr.jp/gaiji/2-15/2-15-30.png,「士／冖／石／木」、第4水準2-15-30
䌢,https://www.aozora.gr.jp/gaiji/1-93/1-93-06.png,「拔」の「てへん」に代えて「金」、第3水準1-93-6
蒴,https://www.aozora.gr.jp/gaiji/1-91/1-91-15.png,「くさかんむり／朔」、第3水準1-91-15
骶,https://www.aozora.gr.jp/gaiji/1-94/1-94-21.png,「骨＋低のつくり」、第3水準1-94-21
¼,https://www.aozora.gr.jp/gaiji/1-09/1-09-19.png,4分の1、1-9-19
㽸,https://www.aozora.gr.jp/gaiji/1-06/1-06-90.png,小書き片仮名ラ、1-6-90
潚,https://www.aozora.gr.jp/gaiji/2-79/2-79-21.png,「瀟－くさかんむり」、第4水準2-79-21
䌿,https://www.aozora.gr.jp/gaiji/1-94/1-94-50.png,「魚＋覃」、第3水準1-94-50
䑰,https://www.aozora.gr.jp/gaiji/2-05/2-05-87.png,「子の一が右半分だけ」、第4水準2-5-87
㽯,https://www.aozora.gr.jp/gaiji/1-06/1-06-81.png,小書き片仮名ト、1-6-81
捥,https://www.aozora.gr.jp/gaiji/1-84/1-84-80.png,「てへん＋宛」、第3水準1-84-80
丨,https://www.aozora.gr.jp/gaiji/1-14/1-14-04.png,「十－一」、第3水準1-14-4
嚙,https://www.aozora.gr.jp/gaiji/1-15/1-15-26.png,「口＋齒」、第3水準1-15-26
蠟,https://www.aozora.gr.jp/gaiji/1-91/1-91-71.png,「虫＋獵のつくり」、第3水準1-91-71
灾,https://www.aozora.gr.jp/gaiji/2-79/2-79-59.png,「宀／火」、第4水準2-79-59
ヸ,https://www.aozora.gr.jp/gaiji/1-07/1-07-83.png,濁点付き片仮名ヰ、1-7-83
䆪,https://www.aozora.gr.jp/gaiji/1-15/1-15-18.png,「口＋喜」、第3水準1-15-18
鄧,https://www.aozora.gr.jp/gaiji/1-92/1-92-80.png,「登＋おおざと」、第3水準1-92-80
䪡,https://www.aozora.gr.jp/gaiji/2-94/2-94-51.png,「（鹿－比）の、まだれ右下の縦画二本を下に延ばし、左右にはらいを添える」、第4水準2-94-51
䮋,https://www.aozora.gr.jp/gaiji/2-03/2-03-54.png,「丞／（厄－厂）」、第4水準2-3-54
徜,https://www.aozora.gr.jp/gaiji/1-84/1-84-33.png,「彳＋尚」、第3水準1-84-33
䏿,https://www.aozora.gr.jp/gaiji/2-04/2-04-05.png,「口＋阿」、第4水準2-4-5
烘,https://www.aozora.gr.jp/gaiji/1-87/1-87-42.png,「火＋共」、第3水準1-87-42
瞪,https://www.aozora.gr.jp/gaiji/1-88/1-88-91.png,「目＋登」、第3水準1-88-91
徜,https://www.aozora.gr.jp/gaiji/1-84/1-84-33.png,「彳＋淌のつくり」、第3水準1-84-33
䜊,https://www.aozora.gr.jp/gaiji/2-81/2-81-91.png,「目＋句」、第4水準2-81-91
玕,https://www.aozora.gr.jp/gaiji/1-87/1-87-83.png,「王＋干」、第3水準1-87-83
䪦,https://www.aozora.gr.jp/gaiji/2-94/2-94-57.png,「麻／（ノ＋ム）」、第4水準2-94-57
〽,https://www.aozora.gr.jp/gaiji/1-03/1-03-28.png,歌記号、1-3-28
䇛,https://www.aozora.gr.jp/gaiji/1-84/1-84-31.png,「低」の「にんべん」に代えて「彳」、第3水準1-84-31
䌝,https://www.aozora.gr.jp/gaiji/1-93/1-93-54.png,「門＜眞」、第3水準1-93-54
䔣,https://www.aozora.gr.jp/gaiji/2-13/2-13-41.png,「てへん＋堂」、第4水準2-13-41
獦,https://www.aozora.gr.jp/gaiji/1-87/1-87-81.png,「けものへん＋葛」、第3水準1-87-81
欞,https://www.aozora.gr.jp/gaiji/1-86/1-86-29.png,「木＋靈」、第3水準1-86-29
鯷,https://www.aozora.gr.jp/gaiji/2-93/2-93-60.png,「魚＋是」、第4水準2-93-60
匾,https://www.aozora.gr.jp/gaiji/2-03/2-03-48.png,「匸＜扁」、第4水準2-3-48
䌸,https://www.aozora.gr.jp/gaiji/1-94/1-94-37.png,「魚＋弗」、第3水準1-94-37
黧,https://www.aozora.gr.jp/gaiji/2-94/2-94-60.png,「犂」の「牛」に代えて「黒の旧字」、第4水準2-94-60
䥳,https://www.aozora.gr.jp/gaiji/2-90/2-90-03.png,「しんにゅう＋黎」、第4水準2-90-3
悞,https://www.aozora.gr.jp/gaiji/1-84/1-84-50.png,「りっしんべん＋呉」、第3水準1-84-50
䔕,https://www.aozora.gr.jp/gaiji/2-13/2-13-24.png,「てへん＋爭」、第4水準2-13-24
䊅,https://www.aozora.gr.jp/gaiji/1-89/1-89-06.png,「石＋角」、第3水準1-89-6
徉,https://www.aozora.gr.jp/gaiji/1-84/1-84-32.png,「彳＋羊」、第3水準1-84-32
羿,https://www.aozora.gr.jp/gaiji/1-90/1-90-29.png,「栩のつくり／廾」、第3水準1-90-29
䨋,https://www.aozora.gr.jp/gaiji/2-92/2-92-50.png,「歹＋食」、第4水準2-92-50
䩱,https://www.aozora.gr.jp/gaiji/2-93/2-93-83.png,「魚＋會」、第4水準2-93-83
忉,https://www.aozora.gr.jp/gaiji/1-84/1-84-38.png,「りっしんべん＋刀」、第3水準1-84-38
䧄,https://www.aozora.gr.jp/gaiji/2-91/2-91-59.png,「門＜韋」、第4水準2-91-59
纍,https://www.aozora.gr.jp/gaiji/1-90/1-90-24.png,「儡のつくり／糸」、第3水準1-90-24
䋠,https://www.aozora.gr.jp/gaiji/1-91/1-91-87.png,「ころもへん＋責」、第3水準1-91-87
犱,https://www.aozora.gr.jp/gaiji/2-80/2-80-29.png,「けものへん＋丸」、第4水準2-80-29
䜙,https://www.aozora.gr.jp/gaiji/2-82/2-82-16.png,「夢」の「夕」に代えて「目」、第4水準2-82-16
窻,https://www.aozora.gr.jp/gaiji/1-89/1-89-05.png,「石＋車」、第3水準1-89-5
䨅,https://www.aozora.gr.jp/gaiji/2-92/2-92-41.png,「風にょう＋（犬／（犬＋犬））」、第4水準2-92-41
䙪,https://www.aozora.gr.jp/gaiji/2-79/2-79-80.png,「（火＋火）／訊のつくり」、第4水準2-79-80
䋹,https://www.aozora.gr.jp/gaiji/1-92/1-92-48.png,「車＋隣のつくり」、第3水準1-92-48
䉙,https://www.aozora.gr.jp/gaiji/1-88/1-88-46.png,「やまいだれ＋亥」、第3水準1-88-46
亻,https://www.aozora.gr.jp/gaiji/2-01/2-01-21.png,「にんべん」、第4水準2-1-21
蛺,https://www.aozora.gr.jp/gaiji/1-91/1-91-54.png,「虫＋夾」、第3水準1-91-54
嬙,https://www.aozora.gr.jp/gaiji/1-15/1-15-92.png,「女＋嗇」、第3水準1-15-92
豔,https://www.aozora.gr.jp/gaiji/2-88/2-88-94.png,「艷のへん＋盍」、第4水準2-88-94
䩋,https://www.aozora.gr.jp/gaiji/2-93/2-93-34.png,「魚＋（岌－山）」、第4水準2-93-34
䥰,https://www.aozora.gr.jp/gaiji/2-90/2-90-30.png,「艷のへん＋おおざと」、第4水準2-90-30
䏎,https://www.aozora.gr.jp/gaiji/2-03/2-03-86.png,「口＋同」、第4水準2-3-86
隤,https://www.aozora.gr.jp/gaiji/1-93/1-93-63.png,「こざとへん＋貴」、第3水準1-93-63
眴,https://www.aozora.gr.jp/gaiji/1-88/1-88-80.png,「目＋旬」、第3水準1-88-80
䆣,https://www.aozora.gr.jp/gaiji/1-14/1-14-85.png,「咤－宀」、第3水準1-14-85
翟,https://www.aozora.gr.jp/gaiji/1-90/1-90-32.png,「櫂のつくり」、第3水準1-90-32
䐅,https://www.aozora.gr.jp/gaiji/2-04/2-04-56.png,「菌－くさかんむり」、第4水準2-4-56
寘,https://www.aozora.gr.jp/gaiji/1-47/1-47-57.png,「宀／眞」、第3水準1-47-57
艏,https://www.aozora.gr.jp/gaiji/2-85/2-85-77.png,「舟＋首」、第4水準2-85-77
䉆,https://www.aozora.gr.jp/gaiji/1-87/1-87-64.png,「陷のつくり＋炎」、第3水準1-87-64
䇩,https://www.aozora.gr.jp/gaiji/1-84/1-84-71.png,「てへん＋止」、第3水準1-84-71
䆦,https://www.aozora.gr.jp/gaiji/1-15/1-15-07.png,「口＋卒」、第3水準1-15-7
褘,https://www.aozora.gr.jp/gaiji/1-91/1-91-80.png,「ころもへん＋韋」、第3水準1-91-80
剉,https://www.aozora.gr.jp/gaiji/1-14/1-14-62.png,「坐＋りっとう」、第3水準1-14-62、52-2
䋑,https://www.aozora.gr.jp/gaiji/1-91/1-91-44.png,「くさかんむり／（酉＋隹）／れんが」、第3水準1-91-44
䋲,https://www.aozora.gr.jp/gaiji/1-92/1-92-38.png,「足へん＋禹」、第3水準1-92-38
䐀,https://www.aozora.gr.jp/gaiji/2-04/2-04-51.png,「單＋展」、第4水準2-4-51
䙰,https://www.aozora.gr.jp/gaiji/2-79/2-79-88.png,「火＋稻のつくり」、第4水準2-79-88
䉆,https://www.aozora.gr.jp/gaiji/1-87/1-87-64.png,「諂のつくり＋炎」、第3水準1-87-64
戩,https://www.aozora.gr.jp/gaiji/2-12/2-12-85.png,「晉＋戈」、第4水準2-12-85
礱,https://www.aozora.gr.jp/gaiji/1-89/1-89-17.png,「龍／石」、第3水準1-89-17
匀,https://www.aozora.gr.jp/gaiji/1-14/1-14-75.png,「鈞のつくり」、第3水準1-14-75
琪,https://www.aozora.gr.jp/gaiji/1-88/1-88-08.png,「王＋其」、第3水準1-88-8
䉲,https://www.aozora.gr.jp/gaiji/1-89/1-89-10.png,「石＋昜」、第3水準1-89-10
䋩,https://www.aozora.gr.jp/gaiji/1-92/1-92-19.png,「言＋焦」、第3水準1-92-19
顥,https://www.aozora.gr.jp/gaiji/1-94/1-94-05.png,「景＋頁」、第3水準1-94-5
縈,https://www.aozora.gr.jp/gaiji/1-90/1-90-16.png,「榮」の「木」に代えて「糸」、第3水準1-90-16、90-2
縑,https://www.aozora.gr.jp/gaiji/1-90/1-90-17.png,「糸＋兼」、第3水準1-90-17
龐,https://www.aozora.gr.jp/gaiji/1-94/1-94-08.png,「風＋（火／（火＋火）」、第3水準1-94-8
菀,https://www.aozora.gr.jp/gaiji/1-90/1-90-92.png,「くさかんむり／宛」、第3水準1-90-92
簶,https://www.aozora.gr.jp/gaiji/1-89/1-89-76.png,「竹かんむり／祿」、第3水準1-89-76
䇖,https://www.aozora.gr.jp/gaiji/1-84/1-84-17.png,「研のつくり」、第3水準1-84-17
雞,https://www.aozora.gr.jp/gaiji/1-93/1-93-66.png,「奚＋隹」、第3水準1-93-66
䙓,https://www.aozora.gr.jp/gaiji/2-79/2-79-45.png,「さんずい＋闊」、第4水準2-79-45
氐,https://www.aozora.gr.jp/gaiji/1-86/1-86-47.png,「低のつくり」、第3水準1-86-47
蕙,https://www.aozora.gr.jp/gaiji/1-91/1-91-24.png,「くさかんむり／惠」、第3水準1-91-24
䙝,https://www.aozora.gr.jp/gaiji/2-79/2-79-06.png,「さんずい＋氣」、第4水準2-79-6
蟵,https://www.aozora.gr.jp/gaiji/2-87/2-87-81.png,「虫＋厨」、第4水準2-87-81
鵼,https://www.aozora.gr.jp/gaiji/1-94/1-94-63.png,「空＋鳥」、第3水準1-94-63
䌲,https://www.aozora.gr.jp/gaiji/1-94/1-94-27.png,「髟／兵」、第3水準1-94-27
咡,https://www.aozora.gr.jp/gaiji/1-14/1-14-94.png,「口＋耳」、第3水準1-14-94
䐙,https://www.aozora.gr.jp/gaiji/2-04/2-04-80.png,「土へん＋守」、第4水準2-4-80
饜,https://www.aozora.gr.jp/gaiji/2-92/2-92-73.png,「厭／（餮－殄）」、第4水準2-92-73
䩃,https://www.aozora.gr.jp/gaiji/2-93/2-93-25.png,「髟／眞」、第4水準2-93-25
琹,https://www.aozora.gr.jp/gaiji/2-80/2-80-80.png,「琴」の「今」に代えて「木」、第4水準2-80-80
哆,https://www.aozora.gr.jp/gaiji/1-15/1-15-02.png,「口＋多」、第3水準1-15-2
䛝,https://www.aozora.gr.jp/gaiji/2-81/2-81-42.png,「やまいだれ＋低のつくり」、第4水準2-81-42
䩫,https://www.aozora.gr.jp/gaiji/2-93/2-93-77.png,「魚＋澁のつくり」、第4水準2-93-77
◉,https://www.aozora.gr.jp/gaiji/1-03/1-03-27.png,蛇の目、1-3-27
浥,https://www.aozora.gr.jp/gaiji/1-86/1-86-72.png,「さんずい＋邑」、第3水準1-86-72
䉁,https://www.aozora.gr.jp/gaiji/1-87/1-87-52.png,「睹のつくり／火」、第3水準1-87-52
ü,https://www.aozora.gr.jp/gaiji/1-09/1-09-81.png,ダイエレシス付きU小文字
â,https://www.aozora.gr.jp/gaiji/1-09/1-09-56.png,サーカムフレックスアクセント付きA小文字
湑,https://www.aozora.gr.jp/gaiji/2-78/2-78-89.png,「さんずい＋胥」、第4水準2-78-89
䌦,https://www.aozora.gr.jp/gaiji/1-93/1-93-80.png,「革＋堂」、第3水準1-93-80
䊽,https://www.aozora.gr.jp/gaiji/1-91/1-91-11.png,「くさかんむり／威」、第3水準1-91-11
璉,https://www.aozora.gr.jp/gaiji/1-88/1-88-24.png,「王＋二点しんにょうの連」、第3水準1-88-24
淼,https://www.aozora.gr.jp/gaiji/1-86/1-86-86.png,「水／（水＋水）」、第3水準1-86-86
录,https://www.aozora.gr.jp/gaiji/1-84/1-84-27.png,「碌のつくり」、第3水準1-84-27
潚,https://www.aozora.gr.jp/gaiji/2-79/2-79-21.png,「さんずい＋肅」、第4水準2-79-21
姒,https://www.aozora.gr.jp/gaiji/1-15/1-15-79.png,「女＋以」、第3水準1-15-79
䋻,https://www.aozora.gr.jp/gaiji/1-92/1-92-53.png,「二点しんにょう＋台」、第3水準1-92-53
唵,https://www.aozora.gr.jp/gaiji/1-15/1-15-06.png,「口＋奄」、第3水準1-15-6
⅓,https://www.aozora.gr.jp/gaiji/1-07/1-07-88.png,3分の1、1-7-88
䨁,https://www.aozora.gr.jp/gaiji/2-92/2-92-35.png,「風にょう＋炎」、第4水準2-92-35
犍,https://www.aozora.gr.jp/gaiji/1-87/1-87-71.png,「特のへん＋廴＋聿」、第3水準1-87-71
珉,https://www.aozora.gr.jp/gaiji/1-87/1-87-89.png,「王＋民」、第3水準1-87-89
咜,https://www.aozora.gr.jp/gaiji/1-14/1-14-88.png,「口＋它」、第3水準1-14-88
欵,https://www.aozora.gr.jp/gaiji/1-86/1-86-31.png,「欸」の「ム」に代えて「ヒ」、第3水準1-86-31
醞,https://www.aozora.gr.jp/gaiji/1-92/1-92-88.png,「「饂」の「食へん」に代えて「酉」」、第3水準1-92-88
䇣,https://www.aozora.gr.jp/gaiji/1-84/1-84-54.png,「りっしんべん＋尚」、第3水準1-84-54
䠶,https://www.aozora.gr.jp/gaiji/2-86/2-86-12.png,「くさかんむり／艮」、第4水準2-86-12
䝘,https://www.aozora.gr.jp/gaiji/2-83/2-83-13.png,「穴／牛」、第4水準2-83-13
㽺,https://www.aozora.gr.jp/gaiji/1-06/1-06-92.png,小書き片仮名ル、1-6-92
徧,https://www.aozora.gr.jp/gaiji/1-84/1-84-34.png,「彳＋扁」、第3水準1-84-34
䝘,https://www.aozora.gr.jp/gaiji/2-83/2-83-13.png,「穴かんむり／牛」、第4水準2-83-13
壚,https://www.aozora.gr.jp/gaiji/1-15/1-15-68.png,「土＋盧」、第3水準1-15-68
噉,https://www.aozora.gr.jp/gaiji/1-15/1-15-19.png,「口＋敢」、第3水準1-15-19
䙛,https://www.aozora.gr.jp/gaiji/2-79/2-79-05.png,「さんずい＋鶲のへん」、第4水準2-79-5
姝,https://www.aozora.gr.jp/gaiji/1-15/1-15-80.png,「女＋朱」、第3水準1-15-80
䡬,https://www.aozora.gr.jp/gaiji/2-86/2-86-78.png,「「蔭」の「陰のつくり」に代えて「人がしら／髟のへん」、第4水準2-86-78
㽋,https://www.aozora.gr.jp/gaiji/1-03/1-03-26.png,丸中黒、1-3-26
㽮,https://www.aozora.gr.jp/gaiji/1-06/1-06-80.png,小書き片仮名ス、1-6-80
壚,https://www.aozora.gr.jp/gaiji/1-15/1-15-68.png,「土へん＋盧」、第3水準1-15-68
昤,https://www.aozora.gr.jp/gaiji/1-85/1-85-18.png,「日＋令」、第3水準1-85-18
迠,https://www.aozora.gr.jp/gaiji/2-89/2-89-83.png,「二点しんにょう＋占」、第4水準2-89-83
晌,https://www.aozora.gr.jp/gaiji/1-85/1-85-25.png,「日＋向」、第3水準1-85-25
糝,https://www.aozora.gr.jp/gaiji/1-89/1-89-88.png,「米＋參」、第3水準1-89-88
䋗,https://www.aozora.gr.jp/gaiji/1-91/1-91-55.png,「虫＋車」、第3水準1-91-55
䚘,https://www.aozora.gr.jp/gaiji/2-80/2-80-45.png,「けものへん＋暇のつくり」、第4水準2-80-45
淄,https://www.aozora.gr.jp/gaiji/1-86/1-86-81.png,「さんずい＋「緇」のつくり」、第3水準1-86-81
郝,https://www.aozora.gr.jp/gaiji/1-92/1-92-70.png,「赤＋おおざと」、第3水準1-92-70
紇,https://www.aozora.gr.jp/gaiji/1-89/1-89-89.png,「糸＋乞」、第3水準1-89-89
昀,https://www.aozora.gr.jp/gaiji/1-85/1-85-12.png,「日＋均のつくり」、第3水準1-85-12
䉽,https://www.aozora.gr.jp/gaiji/1-89/1-89-42.png,「禾＋朮」、第3水準1-89-42
潢,https://www.aozora.gr.jp/gaiji/1-87/1-87-13.png,「さんずい＋（廣－广）」、第3水準1-87-13
雞,https://www.aozora.gr.jp/gaiji/1-93/1-93-66.png,「鷄」の「鳥」に代えて「隹」、第3水準1-93-66
昉,https://www.aozora.gr.jp/gaiji/1-85/1-85-13.png,「日＋方」、第3水準1-85-13
适,https://www.aozora.gr.jp/gaiji/2-89/2-89-87.png,「しんにゅう＋舌」、第4水準2-89-87
詹,https://www.aozora.gr.jp/gaiji/1-92/1-92-08.png,「澹－さんずい」、第3水準1-92-8
凴,https://www.aozora.gr.jp/gaiji/2-03/2-03-20.png,「馮／几」、第4水準2-3-20
睢,https://www.aozora.gr.jp/gaiji/1-88/1-88-87.png,「目＋隹」、第3水準1-88-87
鵂,https://www.aozora.gr.jp/gaiji/2-94/2-94-14.png,「休＋鳥」、第4水準2-94-14
遄,https://www.aozora.gr.jp/gaiji/2-89/2-89-92.png,「二点しんにょう＋（山／而）」、第4水準2-89-92
豇,https://www.aozora.gr.jp/gaiji/2-88/2-88-09.png,「ころもへん＋上」、第4水準2-88-9
位,https://www.aozora.gr.jp/gaiji/1-14/1-14-76.png,「勹＋夕」、第3水準1-14-76
錡,https://www.aozora.gr.jp/gaiji/1-93/1-93-23.png,「金＋奇」、第3水準1-93-23
䚝,https://www.aozora.gr.jp/gaiji/2-80/2-80-51.png,「けものへん＋操のつくり」、第4水準2-80-51
遄,https://www.aozora.gr.jp/gaiji/2-89/2-89-92.png,「二点しんにょう＋端のつくり」、第4水準2-89-92
鎺,https://www.aozora.gr.jp/gaiji/1-93/1-93-34.png,「金＋示＋且」、第3水準1-93-34
黧,https://www.aozora.gr.jp/gaiji/2-94/2-94-60.png,「犂」の「牛」に代えて「黨－尚」、第4水準2-94-60
搉,https://www.aozora.gr.jp/gaiji/2-13/2-13-36.png,「てへん＋確のつくり」、第4水準2-13-36
䊱,https://www.aozora.gr.jp/gaiji/1-90/1-90-79.png,「くさかんむり／皎のつくり」、第3水準1-90-79
䊿,https://www.aozora.gr.jp/gaiji/1-91/1-91-13.png,「藩」の「番」に代えて「位」、第3水準1-91-13
沪,https://www.aozora.gr.jp/gaiji/1-86/1-86-05.png,「木＋患」、第3水準1-86-5
䗝,https://www.aozora.gr.jp/gaiji/2-15/2-15-85.png,「木＋覇」、第4水準2-15-85
瑇,https://www.aozora.gr.jp/gaiji/1-88/1-88-16.png,「王＋（「毒」のあしが「母」）」、第3水準1-88-16
酡,https://www.aozora.gr.jp/gaiji/2-90/2-90-34.png,「酉＋它」、第4水準2-90-34
橅,https://www.aozora.gr.jp/gaiji/1-86/1-86-12.png,「木＋無」、第3水準1-86-12
愜,https://www.aozora.gr.jp/gaiji/1-84/1-84-56.png,「りっしんべん＋（匚＜夾）」、第3水準1-84-56
邈,https://www.aozora.gr.jp/gaiji/1-92/1-92-58.png,「二点しんにょう＋貌」、第3水準1-92-58
䆶,https://www.aozora.gr.jp/gaiji/1-15/1-15-65.png,「土へん＋蓋」、第3水準1-15-65
䈼,https://www.aozora.gr.jp/gaiji/1-87/1-87-38.png,「火＋召」、第3水準1-87-38
䙾,https://www.aozora.gr.jp/gaiji/2-80/2-80-15.png,「爿＋羊」、第4水準2-80-15
擎,https://www.aozora.gr.jp/gaiji/1-84/1-84-92.png,「敬／手」、第3水準1-84-92
䣪,https://www.aozora.gr.jp/gaiji/2-88/2-88-48.png,「轂」の「車」に代えて「角」、第4水準2-88-48
䚌,https://www.aozora.gr.jp/gaiji/2-80/2-80-32.png,「けものへん＋生」、第4水準2-80-32
勛,https://www.aozora.gr.jp/gaiji/1-14/1-14-71.png,「員＋力」、第3水準1-14-71
鼷,https://www.aozora.gr.jp/gaiji/2-94/2-94-69.png,「鼬」の「由」に代えて「奚」、第4水準2-94-69
瓈,https://www.aozora.gr.jp/gaiji/1-88/1-88-35.png,「王＋黎」、第3水準1-88-35
䈠,https://www.aozora.gr.jp/gaiji/1-86/1-86-52.png,「さんずい＋卞」、第3水準1-86-52
䌋,https://www.aozora.gr.jp/gaiji/1-92/1-92-83.png,「業＋おおざと」、第3水準1-92-83
憍,https://www.aozora.gr.jp/gaiji/1-84/1-84-61.png,「りっしんべん＋喬」、第3水準1-84-61
Ⅲ,https://www.aozora.gr.jp/gaiji/1-13/1-13-23.png,ローマ数字3、1-13-23
䓞,https://www.aozora.gr.jp/gaiji/2-12/2-12-46.png,「りっしんべん＋希」、第4水準2-12-46
榭,https://www.aozora.gr.jp/gaiji/1-85/1-85-92.png,「木＋射」、第3水準1-85-92
䈝,https://www.aozora.gr.jp/gaiji/1-86/1-86-44.png,「田＋比」、第3水準1-86-44
ⅰ,https://www.aozora.gr.jp/gaiji/1-12/1-12-21.png,ローマ数字1小文字、1-12-21
閩,https://www.aozora.gr.jp/gaiji/1-93/1-93-49.png,「門＜虫」、第3水準1-93-49
柹,https://www.aozora.gr.jp/gaiji/1-85/1-85-57.png,「木＋（「第－竹」の「コ」に代えて「丿」）、「柿」の正字」、第3水準1-85-57
œ,https://www.aozora.gr.jp/gaiji/1-11/1-11-10.png,リガチャOE小文字
æ,https://www.aozora.gr.jp/gaiji/1-09/1-09-60.png,リガチャAE小文字
䈘,https://www.aozora.gr.jp/gaiji/1-86/1-86-28.png,「木＋霸」、第3水準1-86-28
鱷,https://www.aozora.gr.jp/gaiji/1-94/1-94-55.png,「魚＋王の中の空白部に口が四つ」、第3水準1-94-55
鈹,https://www.aozora.gr.jp/gaiji/1-93/1-93-07.png,「金＋皮」、第3水準1-93-7
䛗,https://www.aozora.gr.jp/gaiji/2-81/2-81-34.png,「田／（田＋田）」、第4水準2-81-34
䎥,https://www.aozora.gr.jp/gaiji/2-03/2-03-29.png,「答＋りっとう」、第4水準2-3-29
癋,https://www.aozora.gr.jp/gaiji/1-88/1-88-58.png,「やまいだれ＋惡」、第3水準1-88-58
磈,https://www.aozora.gr.jp/gaiji/2-82/2-82-48.png,「石＋鬼」、第4水準2-82-48
䝸,https://www.aozora.gr.jp/gaiji/2-83/2-83-54.png,「竹かんむり／孤」、第4水準2-83-54
䊠,https://www.aozora.gr.jp/gaiji/1-90/1-90-51.png,「月＋咢」、第3水準1-90-51
毱,https://www.aozora.gr.jp/gaiji/2-78/2-78-13.png,「毛にょう＋（鞠－革）」、第4水準2-78-13
䌩,https://www.aozora.gr.jp/gaiji/1-93/1-93-84.png,「韋＋鞴のつくり」、第3水準1-93-84
䔯,https://www.aozora.gr.jp/gaiji/2-13/2-13-55.png,「てへん＋嚊のつくり」、第4水準2-13-55
凮,https://www.aozora.gr.jp/gaiji/1-14/1-14-57.png,「凪」の「止」に代えて「百」、第3水準1-14-57
洎,https://www.aozora.gr.jp/gaiji/1-86/1-86-66.png,「さんずい＋自」、第3水準1-86-66
•,https://www.aozora.gr.jp/gaiji/1-03/1-03-32.png,ビュレット、1-3-32
匀,https://www.aozora.gr.jp/gaiji/1-14/1-14-75.png,「均のつくり」、第3水準1-14-75
﨟,https://www.aozora.gr.jp/gaiji/1-91/1-91-26.png,「くさかんむり／（月＋曷）」、第3水準1-91-26
窻,https://www.aozora.gr.jp/gaiji/1-89/1-89-54.png,「窗／心」、第3水準1-89-54
翺,https://www.aozora.gr.jp/gaiji/1-90/1-90-35.png,「皐＋栩のつくり」の「白」に代えて「自」、第3水準1-90-35
䈈,https://www.aozora.gr.jp/gaiji/1-85/1-85-81.png,「木＋若」、第3水準1-85-81
漚,https://www.aozora.gr.jp/gaiji/1-87/1-87-04.png,「さんずい＋區」、第3水準1-87-4
䈟,https://www.aozora.gr.jp/gaiji/1-86/1-86-46.png,「敞／毛」、第3水準1-86-46
鉏,https://www.aozora.gr.jp/gaiji/1-93/1-93-12.png,「金＋且」、第3水準1-93-12
《,https://www.aozora.gr.jp/gaiji/1-01/1-01-52.png,始め二重山括弧、1-1-52
①,https://www.aozora.gr.jp/gaiji/1-13/1-13-01.png,丸1、1-13-1
䖋,https://www.aozora.gr.jp/gaiji/2-14/2-14-76.png,「木＋貝」、第4水準2-14-76
䟇,https://www.aozora.gr.jp/gaiji/2-84/2-84-59.png,「糸＋墨」、第4水準2-84-59
䕭,https://www.aozora.gr.jp/gaiji/2-14/2-14-40.png,「木＋牙」、第4水準2-14-40
籰,https://www.aozora.gr.jp/gaiji/2-83/2-83-82.png,「竹／（目＋目）／隻」、第4水準2-83-82
䙪,https://www.aozora.gr.jp/gaiji/2-79/2-79-80.png,「煢－冖」、第4水準2-79-80
玫,https://www.aozora.gr.jp/gaiji/1-87/1-87-88.png,「王＋攵」、第3水準1-87-88
䇛,https://www.aozora.gr.jp/gaiji/1-84/1-84-31.png,「彳＋（氏／一）」、第3水準1-84-31」
䊳,https://www.aozora.gr.jp/gaiji/1-90/1-90-82.png,「くさかんむり／行」、第3水準1-90-82
蜙,https://www.aozora.gr.jp/gaiji/2-87/2-87-53.png,「虫＋松」、第4水準2-87-53
匀,https://www.aozora.gr.jp/gaiji/1-14/1-14-75.png,「均」のつくり、第3水準1-14-75
䇽,https://www.aozora.gr.jp/gaiji/1-85/1-85-42.png,「日＋熏」、第3水準1-85-42
迤,https://www.aozora.gr.jp/gaiji/1-92/1-92-52.png,「二点しんにょう＋施のつくり」、第3水準1-92-52
煆,https://www.aozora.gr.jp/gaiji/1-87/1-87-50.png,「火＋（暇－日）」、第3水準1-87-50
䈋,https://www.aozora.gr.jp/gaiji/1-85/1-85-87.png,「木＋怱」、第3水準1-85-87
檝,https://www.aozora.gr.jp/gaiji/1-86/1-86-21.png,「楫＋戈」、第3水準1-86-21
䟦,https://www.aozora.gr.jp/gaiji/2-85/2-85-09.png,「耒＋婁」、第4水準2-85-9
䌉,https://www.aozora.gr.jp/gaiji/1-92/1-92-79.png,「章＋おおざと」、第3水準1-92-79
癯,https://www.aozora.gr.jp/gaiji/1-88/1-88-62.png,「やまいだれ＋瞿」、第3水準1-88-62
蒯,https://www.aozora.gr.jp/gaiji/1-91/1-91-14.png,「萠＋りっとう」、第3水準1-91-14
蚘,https://www.aozora.gr.jp/gaiji/1-91/1-91-52.png,「虫＋尤」、第3水準1-91-52
儞,https://www.aozora.gr.jp/gaiji/1-14/1-14-45.png,「にんべん＋爾」、第3水準1-14-45
鯁,https://www.aozora.gr.jp/gaiji/1-94/1-94-42.png,「魚＋哽のつくり」、第3水準1-94-42
䉌,https://www.aozora.gr.jp/gaiji/1-87/1-87-80.png,「けものへん＋章」、第3水準1-87-80
用,https://www.aozora.gr.jp/gaiji/1-91/1-91-48.png,「埓のつくり＋虎」、第3水準1-91-48
用,https://www.aozora.gr.jp/gaiji/1-91/1-91-48.png,「埒のつくり＋虎」、第3水準1-91-48
ç,https://www.aozora.gr.jp/gaiji/1-09/1-09-61.png,セディラ付きC小文字
仿,https://www.aozora.gr.jp/gaiji/1-14/1-14-10.png,「にんべん＋方」、第3水準1-14-10
䪔,https://www.aozora.gr.jp/gaiji/2-94/2-94-31.png,「芻＋鳥」、第4水準2-94-31
䉂,https://www.aozora.gr.jp/gaiji/1-87/1-87-57.png,「火＋畏」、第3水準1-87-57
䗍,https://www.aozora.gr.jp/gaiji/2-15/2-15-67.png,「木＋需」、第4水準2-15-67
䈣,https://www.aozora.gr.jp/gaiji/1-86/1-86-59.png,「さんずい＋失」、第3水準1-86-59
䝍,https://www.aozora.gr.jp/gaiji/2-82/2-82-91.png,「禾＋（囗＜禾）」、第4水準2-82-91
䘜,https://www.aozora.gr.jp/gaiji/2-78/2-78-67.png,「さんずい＋宛」、第4水準2-78-67
沜,https://www.aozora.gr.jp/gaiji/1-86/1-86-57.png,「さんずい＋片」、第3水準1-86-57
䧫,https://www.aozora.gr.jp/gaiji/2-92/2-92-10.png,「革＋華」、第4水準2-92-10
䋜,https://www.aozora.gr.jp/gaiji/1-91/1-91-75.png,「ころもへん＋呈」、第3水準1-91-75
䈂,https://www.aozora.gr.jp/gaiji/1-85/1-85-54.png,「木＋吶のつくり」、第3水準1-85-54
愜,https://www.aozora.gr.jp/gaiji/1-84/1-84-56.png,「りっしんべん＋（はこがまえ＜夾）」、第3水準1-84-56
䌧,https://www.aozora.gr.jp/gaiji/1-93/1-93-81.png,「革＋橿のつくり」、第3水準1-93-81
䒾,https://www.aozora.gr.jp/gaiji/2-12/2-12-01.png,「巾＋廚」、第4水準2-12-1
à,https://www.aozora.gr.jp/gaiji/1-09/1-09-54.png,グレーブアクセント付きA小文字
匀,https://www.aozora.gr.jp/gaiji/1-14/1-14-75.png,「均－土」、第3水準1-14-75
苾,https://www.aozora.gr.jp/gaiji/1-90/1-90-74.png,「くさかんむり／必」、第3水準1-90-74
䨏,https://www.aozora.gr.jp/gaiji/2-92/2-92-54.png,「求／食」、第4水準2-92-54
䠘,https://www.aozora.gr.jp/gaiji/2-85/2-85-70.png,「舟＋共」、第4水準2-85-70
剉,https://www.aozora.gr.jp/gaiji/1-14/1-14-62.png,「坐＋りっとう」、第3水準1-14-62
縈,https://www.aozora.gr.jp/gaiji/1-90/1-90-16.png,「榮」の「木」に代えて「糸」、第3水準1-90-16
鍪,https://www.aozora.gr.jp/gaiji/1-93/1-93-30.png,「（矛＋攵）／金」、第3水準1-93-30
㽞,https://www.aozora.gr.jp/gaiji/1-06/1-06-57.png,ギリシア小文字ファイナルSIGMA、1-6-57
䔰,https://www.aozora.gr.jp/gaiji/2-13/2-13-57.png,「てへん＋二点しんにょうの適」、第4水準2-13-57
䋧,https://www.aozora.gr.jp/gaiji/1-92/1-92-10.png,「侃／言」、第3水準1-92-10
歷,https://www.aozora.gr.jp/gaiji/1-86/1-86-03.png,「（漑－さんずい）／木」、第3水準1-86-3
䟄,https://www.aozora.gr.jp/gaiji/2-84/2-84-55.png,「糸＋樔のつくり」、第4水準2-84-55
䠡,https://www.aozora.gr.jp/gaiji/2-85/2-85-82.png,「舟＋虜」、第4水準2-85-82
û,https://www.aozora.gr.jp/gaiji/1-09/1-09-80.png,サーカムフレックスアクセント付きU小文字
鼯,https://www.aozora.gr.jp/gaiji/2-94/2-94-68.png,「鼬」の「由」に代えて「吾」、第4水準2-94-68
䊍,https://www.aozora.gr.jp/gaiji/1-89/1-89-83.png,「米＋巨」、第3水準1-89-83
䞯,https://www.aozora.gr.jp/gaiji/2-84/2-84-28.png,「糸＋求」、第4水準2-84-28
咖,https://www.aozora.gr.jp/gaiji/1-14/1-14-93.png,「口＋加」、第3水準1-14-93
侗,https://www.aozora.gr.jp/gaiji/1-14/1-14-23.png,「にんべん＋同」、第3水準1-14-23
墩,https://www.aozora.gr.jp/gaiji/1-15/1-15-63.png,「土へん＋敦」、第3水準1-15-63
䋯,https://www.aozora.gr.jp/gaiji/1-92/1-92-34.png,「足へん＋鉋のつくり」、第3水準1-92-34
餲,https://www.aozora.gr.jp/gaiji/2-92/2-92-63.png,「飮のへん＋曷」、第4水準2-92-63
䊤,https://www.aozora.gr.jp/gaiji/1-90/1-90-58.png,「舌＋低のつくり」、第3水準1-90-58
袘,https://www.aozora.gr.jp/gaiji/1-91/1-91-72.png,「ころもへん＋施のつくり」、第3水準1-91-72
Ō,https://www.aozora.gr.jp/gaiji/1-09/1-09-89.png,マクロン付きO
氳,https://www.aozora.gr.jp/gaiji/1-86/1-86-48.png,「气＜慍のつくり」、第3水準1-86-48
拄,https://www.aozora.gr.jp/gaiji/1-84/1-84-73.png,「てへん＋（麈－鹿）」、第3水準1-84-73
䟓,https://www.aozora.gr.jp/gaiji/2-84/2-84-77.png,「罘」の「不」に代えて「圭」、第4水準2-84-77
跎,https://www.aozora.gr.jp/gaiji/1-92/1-92-33.png,「足へん＋它」、第3水準1-92-33
睲,https://www.aozora.gr.jp/gaiji/2-82/2-82-09.png,「目＋星」、第4水準2-82-9
炷,https://www.aozora.gr.jp/gaiji/1-87/1-87-40.png,「火＋（麈－鹿）」、第3水準1-87-40
炷,https://www.aozora.gr.jp/gaiji/1-87/1-87-40.png,「火＋主」、第3水準1-87-40
④,https://www.aozora.gr.jp/gaiji/1-13/1-13-04.png,丸4、1-13-4
獷,https://www.aozora.gr.jp/gaiji/2-80/2-80-55.png,「けものへん＋廣」、第4水準2-80-55
䇓,https://www.aozora.gr.jp/gaiji/1-47/1-47-93.png,「山／歸」、第3水準1-47-93
紈,https://www.aozora.gr.jp/gaiji/1-89/1-89-90.png,「糸＋丸」、第3水準1-89-90
柹,https://www.aozora.gr.jp/gaiji/1-85/1-85-57.png,「柿」の正字、第3水準1-85-57
䚚,https://www.aozora.gr.jp/gaiji/2-80/2-80-47.png,「螯」の「虫」に代えて「犬」、第4水準2-80-47
䉁,https://www.aozora.gr.jp/gaiji/1-87/1-87-52.png,「者／火」、第3水準1-87-52
䚀,https://www.aozora.gr.jp/gaiji/2-80/2-80-18.png,「仞」のにんべんに代えて牛へん、第4水準2-80-18
䇛,https://www.aozora.gr.jp/gaiji/1-84/1-84-31.png,「彳＋低のつくり」、第3水準1-84-31
「,https://www.aozora.gr.jp/gaiji/1-02/1-02-24.png,コト、1-2-24
䉆,https://www.aozora.gr.jp/gaiji/1-87/1-87-64.png,「陷のつくり＋炎」、第3水準1-87-64、306上－19
䦴,https://www.aozora.gr.jp/gaiji/2-91/2-91-37.png,「金＋饌のつくり」、第4水準2-91-37
䚀,https://www.aozora.gr.jp/gaiji/2-80/2-80-18.png,「特のへん＋仞のつくり」、第4水準2-80-18
罄,https://www.aozora.gr.jp/gaiji/2-84/2-84-70.png,「磬」の「石」に代えて「缶」、第4水準2-84-70
䗴,https://www.aozora.gr.jp/gaiji/2-78/2-78-16.png,「疉＋毛」、第4水準2-78-16
䊗,https://www.aozora.gr.jp/gaiji/1-90/1-90-31.png,「條の木に代えて栩のつくり」、第3水準1-90-31
用,https://www.aozora.gr.jp/gaiji/1-14/1-14-06.png,「蚌－虫」、第3水準1-14-6
煠,https://www.aozora.gr.jp/gaiji/1-87/1-87-56.png,「火＋蝶のつくり」、第3水準1-87-56
辶,https://www.aozora.gr.jp/gaiji/2-89/2-89-74.png,「迚－中」、第4水準2-89-74
䉆,https://www.aozora.gr.jp/gaiji/1-87/1-87-64.png,「（諂－言）＋炎」、第3水準1-87-64
剝,https://www.aozora.gr.jp/gaiji/1-15/1-15-09.png,「口＋禺」、第3水準1-15-9
璆,https://www.aozora.gr.jp/gaiji/1-88/1-88-22.png,「王＋膠のつくり」、第3水準1-88-22
䒯,https://www.aozora.gr.jp/gaiji/2-08/2-08-72.png,「山＋贊」、第4水準2-8-72
䏢,https://www.aozora.gr.jp/gaiji/2-04/2-04-16.png,「口＋荅」、第4水準2-4-16
魳,https://www.aozora.gr.jp/gaiji/2-93/2-93-37.png,「魚＋師のつくり」、第4水準2-93-37
翮,https://www.aozora.gr.jp/gaiji/1-90/1-90-34.png,「隔のつくり＋羽」、第3水準1-90-34
䊦,https://www.aozora.gr.jp/gaiji/1-90/1-90-60.png,「弗＋色」、第3水準1-90-60
盌,https://www.aozora.gr.jp/gaiji/1-88/1-88-72.png,「怨」の「心」に代えて「皿」、第3水準1-88-72
䪴,https://www.aozora.gr.jp/gaiji/2-94/2-94-79.png,「齒＋台」、第4水準2-94-79
䑩,https://www.aozora.gr.jp/gaiji/2-05/2-05-78.png,「嗽」の「口」に代えて「女」、第4水準2-5-78
顗,https://www.aozora.gr.jp/gaiji/1-94/1-94-01.png,「豈＋おおがい」、第3水準1-94-1
莿,https://www.aozora.gr.jp/gaiji/1-90/1-90-91.png,「くさかんむり／刺」、第3水準1-90-91
䧺,https://www.aozora.gr.jp/gaiji/2-92/2-92-28.png,「丿＋臣＋頁」、第4水準2-92-28
䧺,https://www.aozora.gr.jp/gaiji/2-92/2-92-28.png,「ぼう＋臣＋頁」、第4水準2-92-28
尫,https://www.aozora.gr.jp/gaiji/1-47/1-47-62.png,「おうにょう＋王」、第3水準1-47-62
厲,https://www.aozora.gr.jp/gaiji/1-14/1-14-84.png,「厂＋萬」、第3水準1-14-84
䪦,https://www.aozora.gr.jp/gaiji/2-94/2-94-57.png,「麾」の「毛」に代えて「公の右上の欠けたもの」、第4水準2-94-57
䘖,https://www.aozora.gr.jp/gaiji/2-78/2-78-60.png,「さんずい＋（日／工）」、第4水準2-78-60
䪦,https://www.aozora.gr.jp/gaiji/2-94/2-94-57.png,「麻かんむり／「公」の「八」の右を取る」、第4水準2-94-57
鵰,https://www.aozora.gr.jp/gaiji/1-94/1-94-62.png,「蜩のつくり＋鳥」、第3水準1-94-62
䆤,https://www.aozora.gr.jp/gaiji/1-14/1-14-91.png,「口＋去」、第3水準1-14-91
籙,https://www.aozora.gr.jp/gaiji/1-89/1-89-79.png,「竹かんむり／（金＋碌のつくり）」、第3水準1-89-79
Ⅰ,https://www.aozora.gr.jp/gaiji/1-13/1-13-21.png,ローマ数字「I」、1-13-21
䨥,https://www.aozora.gr.jp/gaiji/2-92/2-92-84.png,「馬＋付」、第4水準2-92-84
䋹,https://www.aozora.gr.jp/gaiji/1-92/1-92-48.png,「車＋（米／舛）」、第3水準1-92-48
涇,https://www.aozora.gr.jp/gaiji/1-86/1-86-75.png,「さんずい＋徑のつくり」、第3水準1-86-75
隄,https://www.aozora.gr.jp/gaiji/1-93/1-93-60.png,「こざとへん＋是」、第3水準1-93-60
譔,https://www.aozora.gr.jp/gaiji/1-92/1-92-18.png,「言＋饌のつくり」、第3水準1-92-18
籙,https://www.aozora.gr.jp/gaiji/1-89/1-89-79.png,「竹かんむり／（金＋祿のつくり）」、第3水準1-89-79
䇔,https://www.aozora.gr.jp/gaiji/1-84/1-84-12.png,「巾＋僕のつくり」、第3水準1-84-12
䓸,https://www.aozora.gr.jp/gaiji/2-12/2-12-81.png,「りっしんべん＋（「甍」の「瓦」に代えて「目」）」、第4水準2-12-81
䞂,https://www.aozora.gr.jp/gaiji/2-83/2-83-65.png,「竹／匪」、第4水準2-83-65
瘞,https://www.aozora.gr.jp/gaiji/1-88/1-88-54.png,「やまいだれ＋（夾／土）」、第3水準1-88-54
䮋,https://www.aozora.gr.jp/gaiji/2-03/2-03-54.png,「丞／己」、第4水準2-3-54
䋋,https://www.aozora.gr.jp/gaiji/1-91/1-91-37.png,「くさかんむり／霍」、第3水準1-91-37
䍃,https://www.aozora.gr.jp/gaiji/1-94/1-94-57.png,「号＋鳥」、第3水準1-94-57
屣,https://www.aozora.gr.jp/gaiji/2-08/2-08-18.png,「尸＋徙」、第4水準2-8-18
䊒,https://www.aozora.gr.jp/gaiji/1-90/1-90-06.png,「糸＋悄のつくり」、第3水準1-90-6
媳,https://www.aozora.gr.jp/gaiji/2-05/2-05-70.png,「女＋息」、第4水準2-5-70
䟀,https://www.aozora.gr.jp/gaiji/2-84/2-84-50.png,「糸＋衰」、第4水準2-84-50
䦍,https://www.aozora.gr.jp/gaiji/2-90/2-90-75.png,「金＋至」、第4水準2-90-75
縑,https://www.aozora.gr.jp/gaiji/1-90/1-90-17.png,「糸＋賺のつくり」、第3水準1-90-17
蕭,https://www.aozora.gr.jp/gaiji/2-86/2-86-77.png,「くさかんむり／粛」、第4水準2-86-77
䌴,https://www.aozora.gr.jp/gaiji/1-94/1-94-30.png,「鬥＜亀」、第3水準1-94-30
麤,https://www.aozora.gr.jp/gaiji/1-94/1-94-76.png,「鹿／（鹿＋鹿）」、第3水準1-94-76
磤,https://www.aozora.gr.jp/gaiji/1-89/1-89-11.png,「石＋殷」、第3水準1-89-11
䖇,https://www.aozora.gr.jp/gaiji/2-14/2-14-71.png,「木＋否」、第4水準2-14-71
淄,https://www.aozora.gr.jp/gaiji/1-86/1-86-81.png,「さんずい＋緇のつくり」、第3水準1-86-81
姣,https://www.aozora.gr.jp/gaiji/2-05/2-05-49.png,「女＋交」、第4水準2-5-49
篙,https://www.aozora.gr.jp/gaiji/1-89/1-89-70.png,「竹かんむり／高」、第3水準1-89-70
牕,https://www.aozora.gr.jp/gaiji/1-87/1-87-68.png,「片＋總のつくり」、第3水準1-87-68
慼,https://www.aozora.gr.jp/gaiji/2-12/2-12-68.png,「戚／心」、第4水準2-12-68
䔥,https://www.aozora.gr.jp/gaiji/2-13/2-13-44.png,「てへん＋區」、第4水準2-13-44
䓸,https://www.aozora.gr.jp/gaiji/2-12/2-12-81.png,「りっしんべん＋（「夢」の「夕」に代えて「目」）」、第4水準2-12-81
嬭,https://www.aozora.gr.jp/gaiji/2-05/2-05-85.png,「女＋爾」、第4水準2-5-85
熳,https://www.aozora.gr.jp/gaiji/2-80/2-80-01.png,「火＋曼」、第4水準2-80-1
惋,https://www.aozora.gr.jp/gaiji/1-84/1-84-51.png,「りっしんべん＋宛」、第3水準1-84-51
䊅,https://www.aozora.gr.jp/gaiji/1-89/1-89-60.png,「竹かんむり／（工＋卩）」、第3水準1-89-60
龐,https://www.aozora.gr.jp/gaiji/1-94/1-94-08.png,「風にょう＋（火／（火＋火））」、第3水準1-94-8
䌵,https://www.aozora.gr.jp/gaiji/1-94/1-94-31.png,「鬥＜（（卯／亞の下半分）＋斤）」、第3水準1-94-31
䋒,https://www.aozora.gr.jp/gaiji/1-91/1-91-45.png,「虎」の「儿」に代えて「丘」、第3水準1-91-45
唫,https://www.aozora.gr.jp/gaiji/1-15/1-15-05.png,「口＋金」、第3水準1-15-5
誾,https://www.aozora.gr.jp/gaiji/2-88/2-88-64.png,「門＜言」、第4水準2-88-64
㽂,https://www.aozora.gr.jp/gaiji/1-02/1-02-23.png,ます記号、1-2-23
頫,https://www.aozora.gr.jp/gaiji/1-93/1-93-89.png,「兆＋頁」、第3水準1-93-89
敧,https://www.aozora.gr.jp/gaiji/1-85/1-85-09.png,「奇＋攴」、第3水準1-85-9
䗇,https://www.aozora.gr.jp/gaiji/2-15/2-15-57.png,「木＋鼠」、第4水準2-15-57
䓿,https://www.aozora.gr.jp/gaiji/2-12/2-12-93.png,「てへん＋丑」、第4水準2-12-93
麬,https://www.aozora.gr.jp/gaiji/1-94/1-94-77.png,「麥にょう＋皮」、第3水準1-94-77
弇,https://www.aozora.gr.jp/gaiji/1-84/1-84-19.png,「合／廾」、第3水準1-84-19
⁉,https://www.aozora.gr.jp/gaiji/1-08/1-08-78.png,感嘆疑問符、1-8-78
䉰,https://www.aozora.gr.jp/gaiji/1-89/1-89-08.png,「石＋（朔のへん－屮）／（墟のつくり－虍）」、第3水準1-89-8
埵,https://www.aozora.gr.jp/gaiji/1-15/1-15-51.png,「土へん＋垂」、第3水準1-15-51
抦,https://www.aozora.gr.jp/gaiji/2-13/2-13-02.png,「てへん＋丙」、第4水準2-13-2
䌍,https://www.aozora.gr.jp/gaiji/1-93/1-93-03.png,「金＋大」、第3水準1-93-3
䎦,https://www.aozora.gr.jp/gaiji/2-03/2-03-30.png,「厥＋りっとう」、第4水準2-3-30
䈞,https://www.aozora.gr.jp/gaiji/1-86/1-86-45.png,「參＋毛」、第3水準1-86-45
聵,https://www.aozora.gr.jp/gaiji/2-85/2-85-14.png,「耳＋貴」、第4水準2-85-14
用,https://www.aozora.gr.jp/gaiji/1-14/1-14-06.png,「蚌のつくり」、第3水準1-14-6
䆼,https://www.aozora.gr.jp/gaiji/1-15/1-15-81.png,「女＋尾」、第3水準1-15-81
玵,https://www.aozora.gr.jp/gaiji/2-80/2-80-65.png,「王＋甘」、第4水準2-80-65
躶,https://www.aozora.gr.jp/gaiji/2-89/2-89-55.png,「身＋果」、第4水準2-89-55
氵,https://www.aozora.gr.jp/gaiji/2-78/2-78-17.png,「さんずい」、第4水準2-78-17
䠖,https://www.aozora.gr.jp/gaiji/2-85/2-85-66.png,「舟＋山」、第4水準2-85-66
á,https://www.aozora.gr.jp/gaiji/1-09/1-09-55.png,アキュートアクセント付きA小文字
䔱,https://www.aozora.gr.jp/gaiji/2-13/2-13-59.png,「てへん＋擧」、第4水準2-13-59
厓,https://www.aozora.gr.jp/gaiji/1-14/1-14-82.png,「厂＋圭」、第3水準1-14-82
䨿,https://www.aozora.gr.jp/gaiji/2-93/2-93-20.png,「髟／（冂＜はみ出た横棒二本）」、第4水準2-93-20
隩,https://www.aozora.gr.jp/gaiji/2-91/2-91-75.png,「こざとへん＋奥」、第4水準2-91-75
䟅,https://www.aozora.gr.jp/gaiji/2-84/2-84-57.png,「糸＋亶」、第4水準2-84-57
䙚,https://www.aozora.gr.jp/gaiji/2-79/2-79-55.png,「さんずい＋艷のへん＋盍」、第4水準2-79-55
½,https://www.aozora.gr.jp/gaiji/1-09/1-09-20.png,2分の1、1-9-20
䓢,https://www.aozora.gr.jp/gaiji/2-12/2-12-51.png,「りっしんべん＋空」、第4水準2-12-51
䦚,https://www.aozora.gr.jp/gaiji/2-90/2-90-93.png,「金＋（戸の旧字＋犬）」、第4水準2-90-93
䧩,https://www.aozora.gr.jp/gaiji/2-92/2-92-08.png,「革＋稻のつくり」、第4水準2-92-8
ē,https://www.aozora.gr.jp/gaiji/1-09/1-09-93.png,マクロン付きE小文字
熒,https://www.aozora.gr.jp/gaiji/1-87/1-87-61.png,「螢」の「虫」に代えて「火」、第3水準1-87-61
䇷,https://www.aozora.gr.jp/gaiji/1-85/1-85-24.png,「日＋皎のつくり」、第3水準1-85-24
辵,https://www.aozora.gr.jp/gaiji/1-92/1-92-51.png,「走」の「土」の代わりに「彡」、第3水準1-92-51
䔯,https://www.aozora.gr.jp/gaiji/2-13/2-13-55.png,「てへん＋鼾のへん」、第4水準2-13-55
䌢,https://www.aozora.gr.jp/gaiji/1-93/1-93-06.png,「金＋拔のつくり」、第3水準1-93-6
É,https://www.aozora.gr.jp/gaiji/1-09/1-09-32.png,アキュートアクセント付きE
䉁,https://www.aozora.gr.jp/gaiji/1-87/1-87-52.png,「赭のつくり／火」、第3水準1-87-52
䆐,https://www.aozora.gr.jp/gaiji/1-14/1-14-30.png,「にんべん＋尚」、第3水準1-14-30
炕,https://www.aozora.gr.jp/gaiji/2-79/2-79-62.png,「火＋亢」、第4水準2-79-62
玷,https://www.aozora.gr.jp/gaiji/2-80/2-80-66.png,「王＋占」、第4水準2-80-66
淖,https://www.aozora.gr.jp/gaiji/1-86/1-86-82.png,「さんずい＋卓」、第3水準1-86-82
䉶,https://www.aozora.gr.jp/gaiji/1-89/1-89-18.png,「石＋（くさかんむり／溥）」、第3水準1-89-18
愒,https://www.aozora.gr.jp/gaiji/2-12/2-12-59.png,「りっしんべん＋曷」、第4水準2-12-59
螭,https://www.aozora.gr.jp/gaiji/1-91/1-91-62.png,「虫＋璃のつくり」、第3水準1-91-62
嶙,https://www.aozora.gr.jp/gaiji/2-08/2-08-66.png,「山＋隣のつくり」、第4水準2-8-66
坌,https://www.aozora.gr.jp/gaiji/2-04/2-04-65.png,「分／土」、第4水準2-4-65
䒬,https://www.aozora.gr.jp/gaiji/2-08/2-08-67.png,「山＋解」、第4水準2-8-67
ɑ,https://www.aozora.gr.jp/gaiji/1-11/1-11-39.png,鋭アクセント付きα、1-11-39
䎆,https://www.aozora.gr.jp/gaiji/2-01/2-01-84.png,「にんべん＋票」、第4水準2-1-84
䥎,https://www.aozora.gr.jp/gaiji/2-89/2-89-85.png,「二点しんにょう＋同」、第4水準2-89-85
莩,https://www.aozora.gr.jp/gaiji/1-90/1-90-90.png,「くさかんむり／孚」、第3水準1-90-90
鯁,https://www.aozora.gr.jp/gaiji/1-94/1-94-42.png,「魚＋更」、第3水準1-94-42
裊,https://www.aozora.gr.jp/gaiji/1-91/1-91-74.png,「梟」の「木」に代えて「衣」、第3水準1-91-74
䈬,https://www.aozora.gr.jp/gaiji/1-86/1-86-89.png,「さんずい＋眉」、第3水準1-86-89
䇪,https://www.aozora.gr.jp/gaiji/1-84/1-84-74.png,「てへん＋施のつくり」、第3水準1-84-74
媧,https://www.aozora.gr.jp/gaiji/1-15/1-15-89.png,「女＋咼」、第3水準1-15-89
樏,https://www.aozora.gr.jp/gaiji/1-86/1-86-07.png,「木＋累」、第3水準1-86-7
蟖,https://www.aozora.gr.jp/gaiji/1-91/1-91-65.png,「虫＋斯」、第3水準1-91-65
撾,https://www.aozora.gr.jp/gaiji/1-84/1-84-93.png,「てへん＋二点しんにょうの過」、第3水準1-84-93
噦,https://www.aozora.gr.jp/gaiji/1-15/1-15-21.png,「口＋穢のつくり」、第3水準1-15-21
縕,https://www.aozora.gr.jp/gaiji/1-90/1-90-18.png,「糸＋褞のつくり」、第3水準1-90-18
䊯,https://www.aozora.gr.jp/gaiji/1-90/1-90-75.png,「くさかんむり／弗」、第3水準1-90-75
䚃,https://www.aozora.gr.jp/gaiji/2-80/2-80-21.png,「特のへん＋古」、第4水準2-80-21
䍸,https://www.aozora.gr.jp/gaiji/2-01/2-01-59.png,「にんべん＋周」、第4水準2-1-59
倐,https://www.aozora.gr.jp/gaiji/2-01/2-01-57.png,「倏」の「犬」に代えて「火」、第4水準2-1-57
妤,https://www.aozora.gr.jp/gaiji/1-15/1-15-77.png,「女＋予」、第3水準1-15-77
俏,https://www.aozora.gr.jp/gaiji/2-01/2-01-52.png,「にんべん＋悄のつくり」、第4水準2-1-52
頣,https://www.aozora.gr.jp/gaiji/2-92/2-92-25.png,「臣＋頁」、第4水準2-92-25
䖽,https://www.aozora.gr.jp/gaiji/2-15/2-15-45.png,「木＋（虍／且）」、第4水準2-15-45
暠,https://www.aozora.gr.jp/gaiji/1-85/1-85-36.png,「日／高」、第3水準1-85-36
幫,https://www.aozora.gr.jp/gaiji/2-08/2-08-92.png,「封／帛」、第4水準2-8-92
獼,https://www.aozora.gr.jp/gaiji/1-87/1-87-82.png,「けものへん＋彌」、第3水準1-87-82
帮,https://www.aozora.gr.jp/gaiji/2-08/2-08-86.png,「邦／巾」、第4水準2-8-86
摠,https://www.aozora.gr.jp/gaiji/1-84/1-84-90.png,「てへん＋總のつくり」、第3水準1-84-90
咿,https://www.aozora.gr.jp/gaiji/2-03/2-03-85.png,「口＋伊」、第4水準2-3-85
䏸,https://www.aozora.gr.jp/gaiji/2-04/2-04-40.png,「口＋二点しんにょうの達」、第4水準2-4-40
橛,https://www.aozora.gr.jp/gaiji/1-86/1-86-15.png,「木＋厥」、第3水準1-86-15
䉢,https://www.aozora.gr.jp/gaiji/1-88/1-88-74.png,「灰／皿」、第3水準1-88-74
蹋,https://www.aozora.gr.jp/gaiji/2-89/2-89-44.png,「足へん＋搨のつくり」、第4水準2-89-44
壔,https://www.aozora.gr.jp/gaiji/1-15/1-15-67.png,「土へん＋壽」、第3水準1-15-67
疒,https://www.aozora.gr.jp/gaiji/1-88/1-88-44.png,「やまいだれ」、第3水準1-88-44
鈐,https://www.aozora.gr.jp/gaiji/1-93/1-93-05.png,「金＋今」、第3水準1-93-5
查,https://www.aozora.gr.jp/gaiji/1-85/1-85-84.png,「木＋査」、第3水準1-85-84
ó,https://www.aozora.gr.jp/gaiji/1-09/1-09-73.png,アキュートアクセント付きO小文字
ã,https://www.aozora.gr.jp/gaiji/1-09/1-09-57.png,チルド付きA小文字
䋂,https://www.aozora.gr.jp/gaiji/1-91/1-91-20.png,「くさかんむり／「寇」の「攴」に代えて「攵」」、第3水準1-91-20
醮,https://www.aozora.gr.jp/gaiji/2-90/2-90-41.png,「酉＋焦」、第4水準2-90-41
煆,https://www.aozora.gr.jp/gaiji/1-87/1-87-50.png,「火＋暇のつくり」、第3水準1-87-50
䖥,https://www.aozora.gr.jp/gaiji/2-15/2-15-13.png,「木＋要」、第4水準2-15-13
䮋,https://www.aozora.gr.jp/gaiji/2-03/2-03-54.png,「丞／犯のつくり」、第4水準2-3-54
䤴,https://www.aozora.gr.jp/gaiji/2-89/2-89-49.png,「足へん＋番」、第4水準2-89-49
䉶,https://www.aozora.gr.jp/gaiji/1-89/1-89-18.png,「石＋（蒲／寸）」、第3水準1-89-18
䒮,https://www.aozora.gr.jp/gaiji/2-08/2-08-70.png,「山＋鼻」、第4水準2-8-70
Ü,https://www.aozora.gr.jp/gaiji/1-09/1-09-50.png,ダイエレシス付きU
彧,https://www.aozora.gr.jp/gaiji/1-84/1-84-30.png,「或」の「丿」に代えて「彡」、第3水準1-84-30
琤,https://www.aozora.gr.jp/gaiji/2-80/2-80-78.png,「王＋爭」、第4水準2-80-78
瘖,https://www.aozora.gr.jp/gaiji/1-88/1-88-52.png,「やまいだれ＋音」、第3水準1-88-52
䔣,https://www.aozora.gr.jp/gaiji/2-13/2-13-41.png,「手へん＋堂」、第4水準2-13-41
嘈,https://www.aozora.gr.jp/gaiji/1-15/1-15-16.png,「口＋曹」、第3水準1-15-16
嶹,https://www.aozora.gr.jp/gaiji/2-08/2-08-71.png,「山＋壽」、第4水準2-8-71
鋋,https://www.aozora.gr.jp/gaiji/1-93/1-93-16.png,「金＋延」、第3水準1-93-16
拄,https://www.aozora.gr.jp/gaiji/1-84/1-84-73.png,「てへん＋主」、第3水準1-84-73
圯,https://www.aozora.gr.jp/gaiji/1-15/1-15-36.png,「土＋巳」、第3水準1-15-36
䠮,https://www.aozora.gr.jp/gaiji/2-86/2-86-04.png,「くさかんむり／毛」、第4水準2-86-4
泫,https://www.aozora.gr.jp/gaiji/1-86/1-86-62.png,「さんずい＋玄」、第3水準1-86-62
愷,https://www.aozora.gr.jp/gaiji/1-84/1-84-59.png,「りっしんべん＋豈」、第3水準1-84-59
䌕,https://www.aozora.gr.jp/gaiji/1-93/1-93-41.png,「金＋獲のつくり」、第3水準1-93-41
惕,https://www.aozora.gr.jp/gaiji/1-84/1-84-53.png,「りっしんべん＋易」、第3水準1-84-53
䆐,https://www.aozora.gr.jp/gaiji/1-14/1-14-30.png,「にんべん＋淌のつくり」、第3水準1-14-30
鮏,https://www.aozora.gr.jp/gaiji/1-94/1-94-39.png,「魚＋生」、第3水準1-94-39
歆,https://www.aozora.gr.jp/gaiji/1-86/1-86-32.png,「音＋欠」、第3水準1-86-32
筠,https://www.aozora.gr.jp/gaiji/1-89/1-89-63.png,「竹かんむり／（土へん＋鈞のつくり）」、第3水準1-89-63
鷟,https://www.aozora.gr.jp/gaiji/2-94/2-94-39.png,「族／鳥」、第4水準2-94-39
昕,https://www.aozora.gr.jp/gaiji/1-85/1-85-14.png,「日＋斤」、第3水準1-85-14
䛈,https://www.aozora.gr.jp/gaiji/2-81/2-81-01.png,「王＋番」、第4水準2-81-1
䞂,https://www.aozora.gr.jp/gaiji/2-83/2-83-65.png,「竹かんむり／匪」、第4水準2-83-65
邢,https://www.aozora.gr.jp/gaiji/1-92/1-92-63.png,「形」の「彡」に代えて「おおざと」、第3水準1-92-63
．,https://www.aozora.gr.jp/gaiji/1-87/1-87-24.png,「さんずい＋穢のつくり」、第3水準1-87-24
䚅,https://www.aozora.gr.jp/gaiji/2-80/2-80-23.png,「牛＋告」、第4水準2-80-23
堠,https://www.aozora.gr.jp/gaiji/2-05/2-05-01.png,「土へん＋侯」、第4水準2-5-1
繒,https://www.aozora.gr.jp/gaiji/1-90/1-90-21.png,「糸＋曾」、第3水準1-90-21
邕,https://www.aozora.gr.jp/gaiji/1-92/1-92-59.png,「巛／邑」、第3水準1-92-59
䈚,https://www.aozora.gr.jp/gaiji/1-86/1-86-36.png,「止＋支」、第3水準1-86-36
槶,https://www.aozora.gr.jp/gaiji/1-86/1-86-06.png,「木＋國」、第3水準1-86-6
磷,https://www.aozora.gr.jp/gaiji/1-89/1-89-14.png,「石＋隣のつくり」、第3水準1-89-14
䋘,https://www.aozora.gr.jp/gaiji/1-91/1-91-59.png,「虫＋奚」、第3水準1-91-59
嘎,https://www.aozora.gr.jp/gaiji/1-15/1-15-17.png,「口＋戛」、第3水準1-15-17
毱,https://www.aozora.gr.jp/gaiji/2-78/2-78-13.png,「毬」の「求」に代えて「鞠のつくり」、第4水準2-78-13
¡,https://www.aozora.gr.jp/gaiji/1-09/1-09-03.png,逆感嘆符、1-9-3
窼,https://www.aozora.gr.jp/gaiji/2-83/2-83-21.png,「穴かんむり／樔のつくり」、第4水準2-83-21
曬,https://www.aozora.gr.jp/gaiji/2-14/2-14-21.png,「日＋麗」、第4水準2-14-21
揷,https://www.aozora.gr.jp/gaiji/2-13/2-13-28.png,「插」のつくりの縦画が下に突き出す、第4水準2-13-28
䊝,https://www.aozora.gr.jp/gaiji/1-90/1-90-48.png,「月＋奏」、第3水準1-90-48
䣚,https://www.aozora.gr.jp/gaiji/2-88/2-88-28.png,「ころもへん＋挙」、第4水準2-88-28
䓅,https://www.aozora.gr.jp/gaiji/2-12/2-12-11.png,「廻」の「回」の代わりに「囘」、第4水準2-12-11
䩊,https://www.aozora.gr.jp/gaiji/2-93/2-93-33.png,「魚＋予」、第4水準2-93-33
弴,https://www.aozora.gr.jp/gaiji/1-84/1-84-22.png,「弓＋椁のつくり」、第3水準1-84-22
澧,https://www.aozora.gr.jp/gaiji/1-87/1-87-20.png,「さんずい＋豊」、第3水準1-87-20
䉌,https://www.aozora.gr.jp/gaiji/1-87/1-87-80.png,「けものへん＋章」、第3水準1-87-80、12-上-3
灝,https://www.aozora.gr.jp/gaiji/1-87/1-87-32.png,「さんずい＋景＋頁」、第3水準1-87-32
纍,https://www.aozora.gr.jp/gaiji/1-90/1-90-24.png,「品の口のかわりに田／糸」、第3水準1-90-24、33-下-14
ヸ,https://www.aozora.gr.jp/gaiji/1-07/1-07-83.png,濁点付き片仮名「ヰ」、1-7-83
婾,https://www.aozora.gr.jp/gaiji/1-15/1-15-86.png,「喩」の「口」に代えて「女」、読みは「たの」、第3水準1-15-86、88-上-7
ヷ,https://www.aozora.gr.jp/gaiji/1-07/1-07-82.png,濁点付き片仮名「ワ」、1-7-82
灝,https://www.aozora.gr.jp/gaiji/1-87/1-87-32.png,「さんずい＋景＋頁」、第3水準1-87-32、読みは「こう」、229-上-5
噱,https://www.aozora.gr.jp/gaiji/1-15/1-15-24.png,「口＋據のつくり」、第3水準1-15-24
䜐,https://www.aozora.gr.jp/gaiji/2-82/2-82-03.png,「目＋検のつくり」、第4水準2-82-3
磠,https://www.aozora.gr.jp/gaiji/2-82/2-82-52.png,「石＋鹵」、第4水準2-82-52
䪱,https://www.aozora.gr.jp/gaiji/2-94/2-94-76.png,「齒＋乞」、第4水準2-94-76
䠈,https://www.aozora.gr.jp/gaiji/2-85/2-85-50.png,「月＋濂のつくり」、第4水準2-85-50
搐,https://www.aozora.gr.jp/gaiji/1-84/1-84-85.png,「てへん＋畜」、第3水準1-84-85
䍌,https://www.aozora.gr.jp/gaiji/1-94/1-94-71.png,「壹＋鳥」、第3水準1-94-71
䍌,https://www.aozora.gr.jp/gaiji/1-94/1-94-71.png,「懿のへん＋鳥」、第3水準1-94-71
䘝,https://www.aozora.gr.jp/gaiji/2-78/2-78-68.png,「さんずい＋得のつくり」、第4水準2-78-68
讜,https://www.aozora.gr.jp/gaiji/2-88/2-88-84.png,「言＋黨」、第4水準2-88-84
䊘,https://www.aozora.gr.jp/gaiji/1-90/1-90-39.png,「耳＋丁」、第3水準1-90-39
．,https://www.aozora.gr.jp/gaiji/1-87/1-87-58.png,「（冫＋臣＋犯のつくり）／れんが」、第3水準1-87-58
䕼,https://www.aozora.gr.jp/gaiji/2-14/2-14-59.png,「木＋（「孝」の「子」に代えて「丁」）」、第4水準2-14-59
褰,https://www.aozora.gr.jp/gaiji/1-91/1-91-84.png,「塞」の「土」に代えて「衣」、第3水準1-91-84
窠,https://www.aozora.gr.jp/gaiji/1-89/1-89-51.png,「穴かんむり／果」、第3水準1-89-51
趕,https://www.aozora.gr.jp/gaiji/2-89/2-89-23.png,「走にょう＋旱」、第4水準2-89-23
䋬,https://www.aozora.gr.jp/gaiji/1-92/1-92-22.png,「頭のへん＋支」、第3水準1-92-22
ū,https://www.aozora.gr.jp/gaiji/1-09/1-09-92.png,マクロン付きU小文字
「,https://www.aozora.gr.jp/gaiji/1-02/1-02-25.png,より、1-2-25
棰,https://www.aozora.gr.jp/gaiji/1-85/1-85-77.png,「木＋垂」、第3水準1-85-77
雞,https://www.aozora.gr.jp/gaiji/1-93/1-93-66.png,「奚＋隹」、第3水準1-93-66、読みは「にわとり」、245-6
ヷ,https://www.aozora.gr.jp/gaiji/1-07/1-07-82.png,濁点着き片仮名「ワ」、1-7-82
䗱,https://www.aozora.gr.jp/gaiji/2-78/2-78-12.png,「てへん＋毟」、第4水準2-78-12、225
饀,https://www.aozora.gr.jp/gaiji/2-92/2-92-68.png,「餒」の「女」の代わりに「臼」、第4水準2-92-68、読みは「あん」、370-9
噯,https://www.aozora.gr.jp/gaiji/1-15/1-15-23.png,「口＋愛」、第3水準1-15-23、397-13
䍅,https://www.aozora.gr.jp/gaiji/1-94/1-94-06.png,「需＋頁」、第3水準1-94-6、421-1
桵,https://www.aozora.gr.jp/gaiji/1-85/1-85-68.png,「木＋綏のつくり」、第3水準1-85-68
濹,https://www.aozora.gr.jp/gaiji/1-87/1-87-25.png,「さんずい＋墨」、第3水準1-87-25
弴,https://www.aozora.gr.jp/gaiji/1-84/1-84-22.png,「弓へん＋享」、第3水準1-84-22
骶,https://www.aozora.gr.jp/gaiji/1-94/1-94-21.png,「骨へん＋（低－イ）」、読みは「てい」、第3水準1-94-21
䋚,https://www.aozora.gr.jp/gaiji/1-91/1-91-68.png,「虫へん＋廉」、第3水準1-91-68
䧩,https://www.aozora.gr.jp/gaiji/2-92/2-92-08.png,「革＋（韜－韋）」、第4水準2-92-8
骶,https://www.aozora.gr.jp/gaiji/1-94/1-94-21.png,「骨＋（低－にんべん）」、第3水準1-94-21
磌,https://www.aozora.gr.jp/gaiji/2-82/2-82-49.png,「石＋眞」、第4水準2-82-49
燁,https://www.aozora.gr.jp/gaiji/1-87/1-87-62.png,「火＋華」、第3水準1-87-62
稭,https://www.aozora.gr.jp/gaiji/2-82/2-82-94.png,「禾へん＋皆」、第4水準2-82-94
燁,https://www.aozora.gr.jp/gaiji/1-87/1-87-62.png,「火へん＋華」、第3水準1-87-62
薏,https://www.aozora.gr.jp/gaiji/1-91/1-91-30.png,「くさかんむり／意」、第3水準1-91-30
鷴,https://www.aozora.gr.jp/gaiji/2-94/2-94-42.png,「閑＋鳥」、第4水準2-94-42
䉝,https://www.aozora.gr.jp/gaiji/1-88/1-88-64.png,「白／十」、第3水準1-88-64
踠,https://www.aozora.gr.jp/gaiji/1-92/1-92-36.png,「足へん＋宛」、第3水準1-92-36、654-1
用,https://www.aozora.gr.jp/gaiji/1-14/1-14-06.png,「耒－人」、第3水準1-14-6
齅,https://www.aozora.gr.jp/gaiji/2-94/2-94-73.png,「鼻＋臭」、第4水準2-94-73
踠,https://www.aozora.gr.jp/gaiji/1-92/1-92-36.png,「足＋宛」、第3水準1-92-36
䉆,https://www.aozora.gr.jp/gaiji/1-87/1-87-64.png,「（啗－口）＋炎」、第3水準1-87-64
牕,https://www.aozora.gr.jp/gaiji/1-87/1-87-68.png,「片＋（總－糸）」、第3水準1-87-68
翮,https://www.aozora.gr.jp/gaiji/1-90/1-90-34.png,「鬲＋羽」、第3水準1-90-34
㾎,https://www.aozora.gr.jp/gaiji/1-07/1-07-91.png,チェックマーク、1-7-91
㋜,https://www.aozora.gr.jp/gaiji/1-12/1-12-71.png,丸ス、1-12-71
Ⅰ,https://www.aozora.gr.jp/gaiji/1-13/1-13-02.png,丸2、1-13-2
厓,https://www.aozora.gr.jp/gaiji/1-14/1-14-82.png,「涯のつくり」、第3水準1-14-82
炫,https://www.aozora.gr.jp/gaiji/1-87/1-87-39.png,「火＋玄」、第3水準1-87-39
笧,https://www.aozora.gr.jp/gaiji/2-83/2-83-34.png,「竹かんむり／冊」、第4水準2-83-34
﨟,https://www.aozora.gr.jp/gaiji/1-91/1-91-26.png,「藹」の「言」に代えて「月」」、第3水準1-91-26
蝱,https://www.aozora.gr.jp/gaiji/1-91/1-91-58.png,「蠢」の「春」に代えて「亡」、第3水準1-91-58
蝱,https://www.aozora.gr.jp/gaiji/1-91/1-91-58.png,「氓のへん／（虫＋虫）」、第3水準1-91-58
䒷,https://www.aozora.gr.jp/gaiji/2-08/2-08-85.png,「亦／巾」、第4水準2-8-85
儋,https://www.aozora.gr.jp/gaiji/1-14/1-14-44.png,「にんべん＋擔のつくり」、第3水準1-14-44
䣳,https://www.aozora.gr.jp/gaiji/2-88/2-88-57.png,「此／言」、第4水準2-88-57
嶠,https://www.aozora.gr.jp/gaiji/1-47/1-47-89.png,「山＋喬」、第3水準1-47-89
䆙,https://www.aozora.gr.jp/gaiji/1-14/1-14-51.png,「兵」の「丘」に代えて「白」、第3水準1-14-51
刓,https://www.aozora.gr.jp/gaiji/1-14/1-14-60.png,「頑のへん＋りっとう」、第3水準1-14-60
䙽,https://www.aozora.gr.jp/gaiji/2-80/2-80-13.png,「（皎のつくり－亠）／多」、第4水準2-80-13
癃,https://www.aozora.gr.jp/gaiji/1-88/1-88-57.png,「やまいだれ＋隆」、第3水準1-88-57
鍪,https://www.aozora.gr.jp/gaiji/1-93/1-93-30.png,「鶩」の「鳥」に代えて「金」、第3水準1-93-30
䑮,https://www.aozora.gr.jp/gaiji/2-05/2-05-84.png,「羸」の「羊」に代えて「女」、第4水準2-5-84
縈,https://www.aozora.gr.jp/gaiji/1-90/1-90-16.png,「螢」の「虫」に代えて「糸」、第3水準1-90-16
饀,https://www.aozora.gr.jp/gaiji/2-92/2-92-68.png,「「滔」の「さんずい」に代えて「しょくへん」」、第4水準2-92-68
揷,https://www.aozora.gr.jp/gaiji/2-13/2-13-28.png,「「插」でつくりの縦棒が下に突き抜けている」、第4水準2-13-28
䊆,https://www.aozora.gr.jp/gaiji/1-89/1-89-65.png,「竹かんむり／助」、第3水準1-89-65
枻,https://www.aozora.gr.jp/gaiji/1-85/1-85-56.png,「木＋世」、第3水準1-85-56
杈,https://www.aozora.gr.jp/gaiji/1-85/1-85-50.png,「木＋扠のつくり」、第3水準1-85-50
䇧,https://www.aozora.gr.jp/gaiji/1-84/1-84-66.png,「（楫－木）＋戈」、第3水準1-84-66
䌖,https://www.aozora.gr.jp/gaiji/1-93/1-93-42.png,「金＋（鹿／れっか）」、第3水準1-93-42
䘯,https://www.aozora.gr.jp/gaiji/2-78/2-78-93.png,「さんずい＋緡のつくり」、第4水準2-78-93
䌊,https://www.aozora.gr.jp/gaiji/1-92/1-92-81.png,「善＋おおざと」、第3水準1-92-81
䟨,https://www.aozora.gr.jp/gaiji/2-85/2-85-11.png,「耳＋冉の４画目左右に突き出る」、第4水準2-85-11
翟,https://www.aozora.gr.jp/gaiji/1-90/1-90-32.png,「櫂－木」、第3水準1-90-32
闚,https://www.aozora.gr.jp/gaiji/1-93/1-93-57.png,「門＜規」、第3水準1-93-57
䨾,https://www.aozora.gr.jp/gaiji/2-93/2-93-19.png,「髟／几」、第4水準2-93-19
劓,https://www.aozora.gr.jp/gaiji/1-14/1-14-65.png,「鼻＋りつとう」、第3水準1-14-65
䇡,https://www.aozora.gr.jp/gaiji/1-84/1-84-49.png,「りっしんべん＋里」、第3水準1-84-49
鰶,https://www.aozora.gr.jp/gaiji/2-93/2-93-73.png,「魚＋祭」、第4水準2-93-73
㽲,https://www.aozora.gr.jp/gaiji/1-06/1-06-84.png,小書き片仮名ヒ、1-6-84
䙯,https://www.aozora.gr.jp/gaiji/2-79/2-79-87.png,「火＋稲のつくり」、第4水準2-79-87
爺,https://www.aozora.gr.jp/gaiji/1-94/1-94-46.png,「魚＋喞のつくり」、第3水準1-94-46
䌒,https://www.aozora.gr.jp/gaiji/1-93/1-93-37.png,「金＋顏のへん」の「彡」に代えて「生」、第3水準1-93-37
䔻,https://www.aozora.gr.jp/gaiji/2-13/2-13-07.png,「てへん＋皎のつくり」、第4水準2-13-7
灔,https://www.aozora.gr.jp/gaiji/2-79/2-79-53.png,「さんずい＋艶」、第4水準2-79-53
捃,https://www.aozora.gr.jp/gaiji/1-84/1-84-79.png,「てへん＋君」、第3水準1-84-79
䉉,https://www.aozora.gr.jp/gaiji/1-87/1-87-72.png,「釐」の「里」に代えて「牛」、第3水準1-87-72
摭,https://www.aozora.gr.jp/gaiji/1-84/1-84-91.png,「てへん＋庶」、第3水準1-84-91
䆗,https://www.aozora.gr.jp/gaiji/1-14/1-14-49.png,「凹／儿」、第3水準1-14-49
瑗,https://www.aozora.gr.jp/gaiji/1-88/1-88-18.png,「王＋爰」、第3水準1-88-18
䤽,https://www.aozora.gr.jp/gaiji/2-89/2-89-64.png,「車＋舟」、第4水準2-89-64
穭,https://www.aozora.gr.jp/gaiji/1-89/1-89-48.png,「禾＋魯」、第3水準1-89-48
䪓,https://www.aozora.gr.jp/gaiji/2-94/2-94-30.png,「慈」の「心」に代えて「鳥」、第4水準2-94-30
翮,https://www.aozora.gr.jp/gaiji/1-90/1-90-34.png,「鬲＋栩のつくり」、第3水準1-90-34
䗪,https://www.aozora.gr.jp/gaiji/2-78/2-78-04.png,「肴＋殳」、第4水準2-78-4
潚,https://www.aozora.gr.jp/gaiji/2-79/2-79-21.png,「さんずい＋粛」、第4水準2-79-21
䆙,https://www.aozora.gr.jp/gaiji/1-14/1-14-51.png,「白／八」、第3水準1-14-51
猨,https://www.aozora.gr.jp/gaiji/1-87/1-87-78.png,「けものへん＋爰」、第3水準1-87-78
录,https://www.aozora.gr.jp/gaiji/1-84/1-84-27.png,「碌」のつくり、第3水準1-84-27
䊠,https://www.aozora.gr.jp/gaiji/1-90/1-90-51.png,「月＋齶のつくり」、第3水準1-90-51
蠁,https://www.aozora.gr.jp/gaiji/2-87/2-87-90.png,「郷／虫」の「即のへん」に代えて「皀」、第4水準2-87-90
愒,https://www.aozora.gr.jp/gaiji/2-12/2-12-59.png,「喝」の「口」に代えて「りっしんべん」、第4水準2-12-59
䏆,https://www.aozora.gr.jp/gaiji/2-03/2-03-73.png,「口＋尼」、第4水準2-3-73
鯇,https://www.aozora.gr.jp/gaiji/2-93/2-93-48.png,「魚＋完」、第4水準2-93-48
䊄,https://www.aozora.gr.jp/gaiji/1-89/1-89-59.png,「竹かんむり／令」、第3水準1-89-59
伃,https://www.aozora.gr.jp/gaiji/1-14/1-14-11.png,「にんべん＋予」、第3水準1-14-11
䩄,https://www.aozora.gr.jp/gaiji/2-93/2-93-26.png,「髟／參」、第4水準2-93-26
茁,https://www.aozora.gr.jp/gaiji/1-90/1-90-76.png,「くさかんむり／出」、第3水準1-90-76
譃,https://www.aozora.gr.jp/gaiji/2-88/2-88-74.png,「言＋虚」、第4水準2-88-74
煒,https://www.aozora.gr.jp/gaiji/1-87/1-87-54.png,「火＋韋」、第3水準1-87-54
Ⅵ,https://www.aozora.gr.jp/gaiji/1-13/1-13-26.png,ローマ数字VI、1-13-26
樾,https://www.aozora.gr.jp/gaiji/1-86/1-86-11.png,「木＋越」、第3水準1-86-11
晳,https://www.aozora.gr.jp/gaiji/1-85/1-85-31.png,「皙」の「白」に代えて「日」、第3水準1-85-31
孁,https://www.aozora.gr.jp/gaiji/1-47/1-47-53.png,「靈」の「巫」に代えて「女」、第3水準1-47-53
䉟,https://www.aozora.gr.jp/gaiji/1-88/1-88-69.png,「白＋轢のつくり」、第3水準1-88-69
䪖,https://www.aozora.gr.jp/gaiji/2-94/2-94-33.png,「隼＋鳥」、第4水準2-94-33
䚔,https://www.aozora.gr.jp/gaiji/2-80/2-80-40.png,「けものへん＋爭」、第4水準2-80-40
䌺,https://www.aozora.gr.jp/gaiji/1-94/1-94-40.png,「魚＋粫のつくり」、第3水準1-94-40
惲,https://www.aozora.gr.jp/gaiji/2-12/2-12-56.png,「りっしんべん＋軍」、第4水準2-12-56
䇛,https://www.aozora.gr.jp/gaiji/1-84/1-84-31.png,「彳＋詆のつくり」、第3水準1-84-31
䇣,https://www.aozora.gr.jp/gaiji/1-84/1-84-54.png,「りっしんべん＋淌のつくり」、第3水準1-84-54
鄽,https://www.aozora.gr.jp/gaiji/1-92/1-92-84.png,「廛＋おおざと」、第3水準1-92-84
鱣,https://www.aozora.gr.jp/gaiji/1-94/1-94-53.png,「魚＋檀のつくり」、第3水準1-94-53
匀,https://www.aozora.gr.jp/gaiji/1-14/1-14-75.png,「均－土へん」、第3水準1-14-75
柹,https://www.aozora.gr.jp/gaiji/1-85/1-85-57.png,第3水準1-85-57
䤨,https://www.aozora.gr.jp/gaiji/2-89/2-89-35.png,「足へん＋卓」、第4水準2-89-35
䊗,https://www.aozora.gr.jp/gaiji/1-90/1-90-31.png,「條」の「木」に代えて「栩のつくり」、第3水準1-90-31
䉶,https://www.aozora.gr.jp/gaiji/1-89/1-89-18.png,「石＋薄」、第3水準1-89-18
甯,https://www.aozora.gr.jp/gaiji/1-88/1-88-04.png,「王＋深のつくり」、第3水準1-88-4
璣,https://www.aozora.gr.jp/gaiji/1-88/1-88-28.png,「王＋幾」、第3水準1-88-28
璿,https://www.aozora.gr.jp/gaiji/1-88/1-88-34.png,「王＋睿」、第3水準1-88-34
畹,https://www.aozora.gr.jp/gaiji/1-88/1-88-43.png,「田＋宛」、第3水準1-88-43
䋞,https://www.aozora.gr.jp/gaiji/1-91/1-91-85.png,「ころもへん＋庫」、第3水準1-91-85
邙,https://www.aozora.gr.jp/gaiji/1-92/1-92-61.png,「亡＋おおざと」、第3水準1-92-61
䇈,https://www.aozora.gr.jp/gaiji/1-47/1-47-69.png,「山＋元」、第3水準1-47-69
譃,https://www.aozora.gr.jp/gaiji/2-88/2-88-74.png,「言＋墟のつくり」、第3水準2-88-74
煠,https://www.aozora.gr.jp/gaiji/1-87/1-87-56.png,「火＋喋のつくり」、第3水準1-87-56
沅,https://www.aozora.gr.jp/gaiji/1-86/1-86-54.png,「さんずい＋元」、第3水準1-86-54
Ⅺ,https://www.aozora.gr.jp/gaiji/1-13/1-13-31.png,ローマ数字11、1-13-31
䗖,https://www.aozora.gr.jp/gaiji/2-15/2-15-78.png,「木＋龍」、第4水準2-15-78
稹,https://www.aozora.gr.jp/gaiji/1-89/1-89-46.png,「禾＋槇のつくり」、第3水準1-89-46
擎,https://www.aozora.gr.jp/gaiji/1-84/1-84-92.png,「警」の「言」に代えて「手」、第3水準1-84-92
埭,https://www.aozora.gr.jp/gaiji/1-15/1-15-50.png,「土へん＋逮のつくり」、第3水準1-15-50
縕,https://www.aozora.gr.jp/gaiji/1-90/1-90-18.png,「糸」＋褞のつくり」、第3水準1-90-18
ヺ,https://www.aozora.gr.jp/gaiji/1-07/1-07-85.png,濁点付き片仮名ヲ、1-7-85
桲,https://www.aozora.gr.jp/gaiji/1-85/1-85-67.png,「木＋孛」、第3水準1-85-67
踠,https://www.aozora.gr.jp/gaiji/1-92/1-92-36.png,「あしへん＋宛」、第3水準1-92-36
䈅,https://www.aozora.gr.jp/gaiji/1-85/1-85-63.png,「木＋舌」、第3水準1-85-63
䝛,https://www.aozora.gr.jp/gaiji/2-83/2-83-17.png,「穴かんむり／兪」、第4水準2-83-17
汜,https://www.aozora.gr.jp/gaiji/1-86/1-86-50.png,「さんずい＋巳」、第3水準1-86-50
琦,https://www.aozora.gr.jp/gaiji/1-88/1-88-06.png,「王＋奇」、第3水準1-88-6
縕,https://www.aozora.gr.jp/gaiji/1-90/1-90-18.png,「糸＋慍のつくり」、第3水準1-90-18
旲,https://www.aozora.gr.jp/gaiji/2-13/2-13-82.png,「日／大」、第4水準2-13-82
䦮,https://www.aozora.gr.jp/gaiji/2-91/2-91-29.png,「金＋二点しんにょうの通」、第4水準2-91-29
齅,https://www.aozora.gr.jp/gaiji/2-94/2-94-73.png,「嗅」の「口」に代えて「鼻」、第4水準2-94-73
汶,https://www.aozora.gr.jp/gaiji/1-86/1-86-53.png,「さんずい＋文」、第3水準1-86-53
玨,https://www.aozora.gr.jp/gaiji/2-80/2-80-64.png,「王＋王」、第4水準2-80-64
孼,https://www.aozora.gr.jp/gaiji/2-05/2-05-90.png,「（（山／追のつくり）＋辛）／子」、第4水準2-5-90
咩,https://www.aozora.gr.jp/gaiji/1-15/1-15-01.png,「口＋羊」、第3水準1-15-1
紝,https://www.aozora.gr.jp/gaiji/1-89/1-89-92.png,「糸＋壬」、第3水準1-89-92
汶,https://www.aozora.gr.jp/gaiji/1-86/1-86-53.png,「さんずい＋（吝－口）」、第3水準1-86-53
籰,https://www.aozora.gr.jp/gaiji/2-83/2-83-82.png,「竹かんむり／（目＋目）／隻」、第4水準2-83-82
垜,https://www.aozora.gr.jp/gaiji/1-15/1-15-42.png,「土へん＋朶」、第3水準1-15-42
簠,https://www.aozora.gr.jp/gaiji/1-89/1-89-74.png,「竹かんむり／甫／皿」、第3水準1-89-74
晡,https://www.aozora.gr.jp/gaiji/1-85/1-85-29.png,「日＋甫」、第3水準1-85-29
幘,https://www.aozora.gr.jp/gaiji/1-84/1-84-11.png,「巾＋責」、第3水準1-84-11
儛,https://www.aozora.gr.jp/gaiji/2-03/2-03-04.png,「にんべん＋舞」、第4水準2-3-4
䌡,https://www.aozora.gr.jp/gaiji/1-93/1-93-64.png,「こざとへん＋登」、第3水準1-93-64
䋷,https://www.aozora.gr.jp/gaiji/1-92/1-92-45.png,「車＋罔」、第3水準1-92-45
䨚,https://www.aozora.gr.jp/gaiji/2-92/2-92-67.png,「饋」の「貴」に代えて「氣」、第4水準2-92-67
䓠,https://www.aozora.gr.jp/gaiji/2-12/2-12-04.png,「广＋技」、第4水準2-12-4
帒,https://www.aozora.gr.jp/gaiji/2-08/2-08-82.png,「代／巾」、第4水準2-8-82
嬥,https://www.aozora.gr.jp/gaiji/1-15/1-15-93.png,「女＋櫂のつくり」、第3水準1-15-93
䛄,https://www.aozora.gr.jp/gaiji/2-81/2-81-13.png,「扮のつくり／瓦」、第4水準2-81-13
罇,https://www.aozora.gr.jp/gaiji/1-90/1-90-25.png,「缶＋墫のつくり」、第3水準1-90-25
䡂,https://www.aozora.gr.jp/gaiji/2-86/2-86-26.png,「くさかんむり／坐」、第4水準2-86-26
ゔ,https://www.aozora.gr.jp/gaiji/1-04/1-04-84.png,濁点付き平仮名う、1-4-84
ⓐ,https://www.aozora.gr.jp/gaiji/1-12/1-12-33.png,丸A小文字、1-12-33
䧙,https://www.aozora.gr.jp/gaiji/2-91/2-91-83.png,「權のつくり」、第4水準2-91-83
蹰,https://www.aozora.gr.jp/gaiji/1-92/1-92-39.png,「足へん＋厨」、第3水準1-92-39
䋺,https://www.aozora.gr.jp/gaiji/1-92/1-92-49.png,「車＋榮」、第3水準1-92-49
䪑,https://www.aozora.gr.jp/gaiji/2-94/2-94-28.png,「帝＋鳥」、第4水準2-94-28
朳,https://www.aozora.gr.jp/gaiji/1-85/1-85-47.png,「木＋八」、第3水準1-85-47
䇂,https://www.aozora.gr.jp/gaiji/1-47/1-47-55.png,「薛／子」、第3水準1-47-55
䑯,https://www.aozora.gr.jp/gaiji/2-05/2-05-86.png,「戀」の「心」に代えて「女」、第4水準2-5-86
䥶,https://www.aozora.gr.jp/gaiji/2-90/2-90-38.png,「酉＋倍のつくり」、第4水準2-90-38
珏,https://www.aozora.gr.jp/gaiji/1-87/1-87-90.png,「王＋玉」、第3水準1-87-90
蜾,https://www.aozora.gr.jp/gaiji/2-87/2-87-59.png,「虫＋果」、第4水準2-87-59
䋷,https://www.aozora.gr.jp/gaiji/1-92/1-92-45.png,「車＋網のつくり」、第3水準1-92-45
䟌,https://www.aozora.gr.jp/gaiji/2-84/2-84-66.png,「缶＋欠」、第4水準2-84-66
㽴,https://www.aozora.gr.jp/gaiji/1-06/1-06-86.png,小書き片仮名ヘ、1-6-86
Æ,https://www.aozora.gr.jp/gaiji/1-09/1-09-29.png,リガチャAE
䉎,https://www.aozora.gr.jp/gaiji/1-87/1-87-86.png,「王＋分」、第3水準1-87-86
è,https://www.aozora.gr.jp/gaiji/1-11/1-11-49.png,鋭アクセント付きε、1-11-49
离,https://www.aozora.gr.jp/gaiji/2-82/2-82-07.png,「澤のつくり」、第4水準2-82-7
謟,https://www.aozora.gr.jp/gaiji/2-88/2-88-72.png,「「滔」の「さんずい」に代えて「言」」、第4水準2-88-72
䩹,https://www.aozora.gr.jp/gaiji/2-93/2-93-92.png,「魚＋鑞のつくり」、第4水準2-93-92
琇,https://www.aozora.gr.jp/gaiji/1-88/1-88-01.png,「王＋秀」、第3水準1-88-1
⅔,https://www.aozora.gr.jp/gaiji/1-07/1-07-89.png,3分の2、1-7-89
纘,https://www.aozora.gr.jp/gaiji/2-84/2-84-63.png,「糸＋贊」、第4水準2-84-63
徸,https://www.aozora.gr.jp/gaiji/2-12/2-12-25.png,「彳＋童」、第4水準2-12-25
琮,https://www.aozora.gr.jp/gaiji/1-88/1-88-11.png,「王＋宗」、第3水準1-88-11
䉩,https://www.aozora.gr.jp/gaiji/1-88/1-88-88.png,「目＋侯」、第3水準1-88-88
筭,https://www.aozora.gr.jp/gaiji/1-89/1-89-64.png,「竹かんむり／弄」、第3水準1-89-64
䢩,https://www.aozora.gr.jp/gaiji/2-87/2-87-58.png,「虫＋兒」、第4水準2-87-58
䌜,https://www.aozora.gr.jp/gaiji/1-93/1-93-53.png,「門＜癸」、第3水準1-93-53
暲,https://www.aozora.gr.jp/gaiji/1-85/1-85-37.png,「日＋章」、第3水準1-85-37
泔,https://www.aozora.gr.jp/gaiji/1-86/1-86-60.png,「さんずい＋甘」、第3水準1-86-60
〟,https://www.aozora.gr.jp/gaiji/1-13/1-13-65.png,終わりダブルミニュート、1-13-65
䓸,https://www.aozora.gr.jp/gaiji/2-12/2-12-81.png,「りっしんべん＋夢」の「夕」に代えて「目」、第4水準2-12-81
蚨,https://www.aozora.gr.jp/gaiji/2-87/2-87-36.png,「虫＋夫」、第4水準2-87-36
餲,https://www.aozora.gr.jp/gaiji/2-92/2-92-63.png,「渇」の「さんずい」に代えて「しょくへん」、第4水準2-92-63
燾,https://www.aozora.gr.jp/gaiji/1-87/1-87-65.png,「壽／れっか」、第3水準1-87-65
莒,https://www.aozora.gr.jp/gaiji/1-90/1-90-87.png,「くさかんむり／呂」、第3水準1-90-87
䣔,https://www.aozora.gr.jp/gaiji/2-88/2-88-18.png,「ころもへん＋因」、第4水準2-88-18
爺,https://www.aozora.gr.jp/gaiji/1-94/1-94-46.png,「喞」の「口」に代えて「魚」、第3水準1-94-46
䘽,https://www.aozora.gr.jp/gaiji/2-79/2-79-16.png,「さんずい＋患」、第4水準2-79-16
扃,https://www.aozora.gr.jp/gaiji/1-84/1-84-68.png,「戸の旧字＋炯のつくり」、第3水準1-84-68
璨,https://www.aozora.gr.jp/gaiji/1-88/1-88-31.png,「王＋粲」、第3水準1-88-31
呦,https://www.aozora.gr.jp/gaiji/2-03/2-03-74.png,「口＋幼」、第4水準2-3-74
◦,https://www.aozora.gr.jp/gaiji/1-03/1-03-31.png,白ビュレット、1-3-31
䗻,https://www.aozora.gr.jp/gaiji/2-78/2-78-26.png,「さんずい＋冗」、第4水準2-78-26
翎,https://www.aozora.gr.jp/gaiji/1-90/1-90-30.png,「令＋栩のつくり」、第3水準1-90-30
䦴,https://www.aozora.gr.jp/gaiji/2-91/2-91-37.png,「饌」の「しょくへん」に代えて「金」、第4水準2-91-37
ï,https://www.aozora.gr.jp/gaiji/1-09/1-09-69.png,ダイエレシス付きI小文字
㽰,https://www.aozora.gr.jp/gaiji/1-06/1-06-82.png,小書き片仮名ヌ、1-6-82
䑒,https://www.aozora.gr.jp/gaiji/2-05/2-05-51.png,「（女／女）＋干」、第4水準2-5-51
齅,https://www.aozora.gr.jp/gaiji/2-94/2-94-73.png,「鼾のへん＋嗅のつくり」、第4水準2-94-73
䌩,https://www.aozora.gr.jp/gaiji/1-93/1-93-84.png,「韋＋備のつくり」、第3水準1-93-84
蘩,https://www.aozora.gr.jp/gaiji/1-91/1-91-43.png,「くさかんむり／繁」の「毎」に代えて「誨のつくり」、第3水準1-91-43
䏶,https://www.aozora.gr.jp/gaiji/2-04/2-04-38.png,「口＋童」、第4水準2-4-38
䛆,https://www.aozora.gr.jp/gaiji/2-81/2-81-15.png,「髟のへん＋瓶のつくり」、第4水準2-81-15
î,https://www.aozora.gr.jp/gaiji/1-09/1-09-68.png,サーカムフレックスアクセント付きI小文字
䑴,https://www.aozora.gr.jp/gaiji/2-05/2-05-93.png,「宀／九」、第4水準2-5-93
珣,https://www.aozora.gr.jp/gaiji/1-87/1-87-93.png,「王＋旬」、第3水準1-87-93
佾,https://www.aozora.gr.jp/gaiji/1-14/1-14-20.png,「にんべん＋（八がしら／月）」、第3水準1-14-20
攄,https://www.aozora.gr.jp/gaiji/2-13/2-13-58.png,「てへん＋慮」、第4水準2-13-58
斅,https://www.aozora.gr.jp/gaiji/2-13/2-13-72.png,「學＋攴」、第4水準2-13-72
瀆,https://www.aozora.gr.jp/gaiji/1-87/1-87-29.png,「さんずい＋續のつくり」、第3水準1-87-29
邢,https://www.aozora.gr.jp/gaiji/1-92/1-92-63.png,「形のへん＋おおざと」、第3水準1-92-63
齅,https://www.aozora.gr.jp/gaiji/2-94/2-94-73.png,「鼻＋（嗅－口）」、第4水準2-94-73
䤙,https://www.aozora.gr.jp/gaiji/2-89/2-89-10.png,「權」の「木」に代えて「豸」、第4水準2-89-10
龔,https://www.aozora.gr.jp/gaiji/1-94/1-94-87.png,「龍／共」、第3水準1-94-87
䚖,https://www.aozora.gr.jp/gaiji/2-80/2-80-42.png,「けものへん＋（木／旦）」、第4水準2-80-42
䈴,https://www.aozora.gr.jp/gaiji/1-87/1-87-16.png,「さんずい＋斯」、第3水準1-87-16
榷,https://www.aozora.gr.jp/gaiji/2-15/2-15-25.png,「木＋確のつくり」、第4水準2-15-25
謟,https://www.aozora.gr.jp/gaiji/2-88/2-88-72.png,「言＋稻のつくり」、第4水準2-88-72
齅,https://www.aozora.gr.jp/gaiji/2-94/2-94-73.png,「鼻＋嗅のつくり」、第4水準2-94-73
抅,https://www.aozora.gr.jp/gaiji/1-84/1-84-72.png,「てへん＋勾」、第3水準1-84-72
澘,https://www.aozora.gr.jp/gaiji/2-79/2-79-24.png,「さんずい＋（林／日）」、第4水準2-79-24
䪔,https://www.aozora.gr.jp/gaiji/2-94/2-94-31.png,「雛」の「隹」に代えて「鳥」、第4水準2-94-31
Ç,https://www.aozora.gr.jp/gaiji/1-09/1-09-30.png,セディラ付きC
陘,https://www.aozora.gr.jp/gaiji/1-93/1-93-59.png,「こざとへん＋徑のつくり、第3水準1-93-59
鄱,https://www.aozora.gr.jp/gaiji/1-92/1-92-82.png,「番＋おおざと」、第3水準1-92-82
ヷ,https://www.aozora.gr.jp/gaiji/1-07/1-07-82.png,「濁点付き片仮名ワ」、1-7-82
䩰,https://www.aozora.gr.jp/gaiji/2-93/2-93-82.png,「魚＋潯のつくり」、第4水準2-93-82
Ⅸ,https://www.aozora.gr.jp/gaiji/1-13/1-13-29.png,ローマ数字9、1-13-29
鉸,https://www.aozora.gr.jp/gaiji/1-93/1-93-13.png,「金＋皎のつくり」、第3水準1-93-13
。,https://www.aozora.gr.jp/gaiji/1-03/1-03-29.png,白ゴマ、1-3-29
ø,https://www.aozora.gr.jp/gaiji/1-09/1-09-77.png,ストローク付きO小文字
Ⅳ,https://www.aozora.gr.jp/gaiji/1-13/1-13-24.png,ローマ数字4、1-13-24
½,https://www.aozora.gr.jp/gaiji/1-09/1-09-20.png,２分の１、1-9-20
Ê,https://www.aozora.gr.jp/gaiji/1-09/1-09-33.png,サーカムフレックスアクセント付きE
筲,https://www.aozora.gr.jp/gaiji/1-89/1-89-66.png,「竹かんむり／悄のつくり」、第3水準1-89-66
〻,https://www.aozora.gr.jp/gaiji/1-02/1-02-22.png,「二の字点」、1-2-22
䥳,https://www.aozora.gr.jp/gaiji/2-90/2-90-33.png,「酉＋斗」、第4水準2-90-33
陁,https://www.aozora.gr.jp/gaiji/2-91/2-91-67.png,「こざとへん＋施のつくり」、第4水準2-91-67
䗝,https://www.aozora.gr.jp/gaiji/2-15/2-15-85.png,「木＋覊」の「馬」に代えて「月」、第4水準2-15-85
摛,https://www.aozora.gr.jp/gaiji/2-13/2-13-42.png,「てへん＋璃のつくり」、第4水準2-13-42
䇜,https://www.aozora.gr.jp/gaiji/1-84/1-84-42.png,「りっしんべん＋乍」、第3水準1-84-42
娌,https://www.aozora.gr.jp/gaiji/2-05/2-05-56.png,「女＋里」、第4水準2-5-56
Ⅹ,https://www.aozora.gr.jp/gaiji/1-13/1-13-30.png,ローマ数字10、1-13-30
䝪,https://www.aozora.gr.jp/gaiji/2-83/2-83-37.png,「竹かんむり／奴」、第4水準2-83-37
夤,https://www.aozora.gr.jp/gaiji/2-05/2-05-29.png,「夕／寅」、第4水準2-5-29
䠄,https://www.aozora.gr.jp/gaiji/2-85/2-85-46.png,「月＋溏のつくり」、第4水準2-85-46
瑇,https://www.aozora.gr.jp/gaiji/1-88/1-88-16.png,「王＋毒」の「毋」に代えて「母」、第3水準1-88-16
䉥,https://www.aozora.gr.jp/gaiji/1-88/1-88-78.png,「目＋毛」、第3水準1-88-78
䩸,https://www.aozora.gr.jp/gaiji/2-93/2-93-90.png,「魚＋與」、第4水準2-93-90
䉴,https://www.aozora.gr.jp/gaiji/1-89/1-89-15.png,「譽」の「言」に代えて「石」、第3水準1-89-15
䜞,https://www.aozora.gr.jp/gaiji/2-82/2-82-23.png,「知」の「口」に代えて「舟」、第4水準2-82-23
䌼,https://www.aozora.gr.jp/gaiji/1-94/1-94-44.png,「魚＋陸のつくり」、第3水準1-94-44
䠵,https://www.aozora.gr.jp/gaiji/2-86/2-86-11.png,「くさかんむり／協のつくり」、第4水準2-86-11
麬,https://www.aozora.gr.jp/gaiji/1-94/1-94-77.png,「麥＋皮」、第3水準1-94-77
䢰,https://www.aozora.gr.jp/gaiji/2-87/2-87-66.png,「虫＋刺」、第4水準2-87-66
匾,https://www.aozora.gr.jp/gaiji/2-03/2-03-48.png,「匸＜編のつくり」の「戸」に代えて「戸の旧字」、第4水準2-3-48
祜,https://www.aozora.gr.jp/gaiji/1-89/1-89-26.png,「示＋古」、第3水準1-89-26
翺,https://www.aozora.gr.jp/gaiji/1-90/1-90-35.png,「皐＋羽」、第3水準1-90-35
豔,https://www.aozora.gr.jp/gaiji/2-88/2-88-94.png,「豐＋盍」、第4水準2-88-94
玅,https://www.aozora.gr.jp/gaiji/2-80/2-80-57.png,「玄＋少」、第4水準2-80-57
䢢,https://www.aozora.gr.jp/gaiji/2-87/2-87-49.png,「折／虫」、第4水準2-87-49
䤙,https://www.aozora.gr.jp/gaiji/2-89/2-89-10.png,「豸＋權のつくり」、第4水準2-89-10
䌻,https://www.aozora.gr.jp/gaiji/1-94/1-94-43.png,「魚＋成」、第3水準1-94-43
鮧,https://www.aozora.gr.jp/gaiji/1-94/1-94-41.png,「魚＋夷」、第3水準1-94-41
䣰,https://www.aozora.gr.jp/gaiji/2-88/2-88-54.png,「言＋区」、第4水準2-88-54
筠,https://www.aozora.gr.jp/gaiji/1-89/1-89-63.png,「竹かんむり／均」、第3水準1-89-63
栱,https://www.aozora.gr.jp/gaiji/1-85/1-85-65.png,「木＋共」、第3水準1-85-65
戕,https://www.aozora.gr.jp/gaiji/2-12/2-12-83.png,「爿＋戈」、第4水準2-12-83
偪,https://www.aozora.gr.jp/gaiji/2-01/2-01-70.png,「にんべん＋福のつくり」、第4水準2-1-70
婭,https://www.aozora.gr.jp/gaiji/1-15/1-15-84.png,「女＋亞」、第3水準1-15-84
䊴,https://www.aozora.gr.jp/gaiji/1-90/1-90-85.png,「くさかんむり／綏のつくり」、第3水準1-90-85
葶,https://www.aozora.gr.jp/gaiji/2-86/2-86-48.png,「くさかんむり／亭」、第4水準2-86-48
䖘,https://www.aozora.gr.jp/gaiji/2-14/2-14-90.png,「犂」の「牛」に代えて「木」、第4水準2-14-90
䐫,https://www.aozora.gr.jp/gaiji/2-05/2-05-07.png,「土へん＋搨のつくり」、第4水準2-5-7
祅,https://www.aozora.gr.jp/gaiji/1-89/1-89-21.png,「示＋夭」、第3水準1-89-21
䛒,https://www.aozora.gr.jp/gaiji/2-81/2-81-02.png,「王＋二点しんにょうの進」、第4水準2-81-2
䖽,https://www.aozora.gr.jp/gaiji/2-15/2-15-45.png,「木＋虎」の「儿」に代えて「且」、第4水準2-15-45
ñ,https://www.aozora.gr.jp/gaiji/1-09/1-09-71.png,チルド付きN小文字
鍈,https://www.aozora.gr.jp/gaiji/1-93/1-93-25.png,「金＋英」、第3水準1-93-25
虺,https://www.aozora.gr.jp/gaiji/2-87/2-87-29.png,「兀のにょうの形＋虫」、第4水準2-87-29
♩,https://www.aozora.gr.jp/gaiji/1-02/1-02-93.png,四分音符、1-2-93
䝖,https://www.aozora.gr.jp/gaiji/2-83/2-83-10.png,「禾＋爾」、第4水準2-83-10
閴,https://www.aozora.gr.jp/gaiji/2-91/2-91-57.png,「門＜貝」、第4水準2-91-57
䇧,https://www.aozora.gr.jp/gaiji/1-84/1-84-66.png,「楫のつくり＋戈」、第3水準1-84-66
䗦,https://www.aozora.gr.jp/gaiji/2-15/2-15-94.png,「歹＋殳」、第4水準2-15-94
䣢,https://www.aozora.gr.jp/gaiji/2-88/2-88-38.png,「覊」の「馬」に代えて「奇」、第4水準2-88-38
䤉,https://www.aozora.gr.jp/gaiji/2-88/2-88-83.png,「言＋闌」、第4水準2-88-83
罏,https://www.aozora.gr.jp/gaiji/2-84/2-84-71.png,「缶＋盧」、第4水準2-84-71
䨏,https://www.aozora.gr.jp/gaiji/2-92/2-92-54.png,「求／（餮－殄）」、第4水準2-92-54
䕚,https://www.aozora.gr.jp/gaiji/2-14/2-14-16.png,「日＋匿」、第4水準2-14-16
䥔,https://www.aozora.gr.jp/gaiji/2-89/2-89-93.png,「二点しんにょう＋鰥のつくり」、第4水準2-89-93
辵,https://www.aozora.gr.jp/gaiji/1-92/1-92-51.png,「走」の「土」に代えて「彡」、第3水準1-92-51
䟎,https://www.aozora.gr.jp/gaiji/2-84/2-84-68.png,「缶＋并」、第4水準2-84-68
孼,https://www.aozora.gr.jp/gaiji/2-05/2-05-90.png,「（屮／師のへん＋辛）／子」、第4水準2-5-90
搢,https://www.aozora.gr.jp/gaiji/1-84/1-84-87.png,「てへん＋晉」、第3水準1-84-87
玦,https://www.aozora.gr.jp/gaiji/1-87/1-87-87.png,「王＋夬」、第3水準1-87-87
䚶,https://www.aozora.gr.jp/gaiji/2-80/2-80-88.png,「王＋總のつくり」、第4水準2-80-88
鸕,https://www.aozora.gr.jp/gaiji/1-94/1-94-73.png,「顱のへん＋鳥」、第3水準1-94-73
巘,https://www.aozora.gr.jp/gaiji/2-08/2-08-74.png,「山＋獻」、第4水準2-8-74
䧡,https://www.aozora.gr.jp/gaiji/2-91/2-91-91.png,「雨かんむり／龍」、第4水準2-91-91
䙦,https://www.aozora.gr.jp/gaiji/2-79/2-79-74.png,「火＋赤」、第4水準2-79-74
䋟,https://www.aozora.gr.jp/gaiji/1-91/1-91-86.png,「ころもへん＋（勢－力）」、第3水準1-91-86
埿,https://www.aozora.gr.jp/gaiji/1-15/1-15-53.png,「泥／土」、第3水準1-15-53
䨚,https://www.aozora.gr.jp/gaiji/2-92/2-92-67.png,「飮のへん＋氣」、第4水準2-92-67
䈥,https://www.aozora.gr.jp/gaiji/1-86/1-86-69.png,「さんずい＋亘」、第3水準1-86-69
䊡,https://www.aozora.gr.jp/gaiji/1-90/1-90-52.png,「月＋亶」、第3水準1-90-52
絁,https://www.aozora.gr.jp/gaiji/1-90/1-90-01.png,「糸＋施のつくり」、第3水準1-90-1
䊔,https://www.aozora.gr.jp/gaiji/1-90/1-90-10.png,「糸＋炎」、第3水準1-90-10
澈,https://www.aozora.gr.jp/gaiji/1-87/1-87-15.png,「轍」の「車」に代えて「さんずい」、第3水準1-87-15
嶸,https://www.aozora.gr.jp/gaiji/1-47/1-47-92.png,「山＋榮」、第3水準1-47-92
䪝,https://www.aozora.gr.jp/gaiji/2-94/2-94-04.png,「刔のへん＋鳥」、第4水準2-94-4
嶒,https://www.aozora.gr.jp/gaiji/2-08/2-08-63.png,「山＋曾」、第4水準2-8-63
嵓,https://www.aozora.gr.jp/gaiji/1-47/1-47-85.png,「山／品」、第3水準1-47-85
䉎,https://www.aozora.gr.jp/gaiji/1-87/1-87-86.png,「王＋扮のつくり」、第3水準1-87-86
峴,https://www.aozora.gr.jp/gaiji/1-47/1-47-77.png,「山＋見」、第3水準1-47-77
Ö,https://www.aozora.gr.jp/gaiji/1-09/1-09-45.png,ダイエレシス付きO
棭,https://www.aozora.gr.jp/gaiji/1-85/1-85-76.png,「木＋夜」、第3水準1-85-76
筇,https://www.aozora.gr.jp/gaiji/1-89/1-89-61.png,「筑」の「凡」に代えて「おおざと」、第3水準1-89-61
ß,https://www.aozora.gr.jp/gaiji/1-09/1-09-53.png,ドイツ語エスツェット
郴,https://www.aozora.gr.jp/gaiji/1-92/1-92-07.png,「言＋先」、第3水準1-92-7
埭,https://www.aozora.gr.jp/gaiji/1-15/1-15-50.png,「土へん＋隶」、第3水準1-15-50
褚,https://www.aozora.gr.jp/gaiji/1-91/1-91-82.png,「ころもへん＋睹のつくり」、第3水準1-91-82
雩,https://www.aozora.gr.jp/gaiji/1-93/1-93-68.png,「樗のつくり」、第3水準1-93-68
䉃,https://www.aozora.gr.jp/gaiji/1-87/1-87-59.png,「火＋慍のつくり」、第3水準1-87-59
柀,https://www.aozora.gr.jp/gaiji/1-85/1-85-58.png,「木＋皮」、第3水準1-85-58
䢕,https://www.aozora.gr.jp/gaiji/2-87/2-87-34.png,「虫＋冴のつくり」、第4水準2-87-34
挊,https://www.aozora.gr.jp/gaiji/1-84/1-84-76.png,「てへん＋裃のつくり」、第3水準1-84-76
曈,https://www.aozora.gr.jp/gaiji/1-85/1-85-40.png,「日＋童」、第3水準1-85-40
䍫,https://www.aozora.gr.jp/gaiji/2-01/2-01-38.png,「にんべん＋両」、第4水準2-1-38
彤,https://www.aozora.gr.jp/gaiji/1-84/1-84-29.png,「丹＋彡」、第3水準1-84-29
晷,https://www.aozora.gr.jp/gaiji/1-85/1-85-03.png,「てへん＋鐶のつくり」、第3水準1-85-3
僩,https://www.aozora.gr.jp/gaiji/2-01/2-01-93.png,「にんべん＋燗のつくり」、第4水準2-1-93
荃,https://www.aozora.gr.jp/gaiji/1-90/1-90-81.png,「くさかんむり／銓のつくり」、第3水準1-90-81
銈,https://www.aozora.gr.jp/gaiji/1-93/1-93-14.png,「金＋圭」、第3水準1-93-14
䓮,https://www.aozora.gr.jp/gaiji/2-12/2-12-67.png,「りっしんべん＋敖」、第4水準2-12-67
璟,https://www.aozora.gr.jp/gaiji/1-88/1-88-27.png,「王＋景」、第3水準1-88-27
䠼,https://www.aozora.gr.jp/gaiji/2-86/2-86-18.png,「くさかんむり／衣」、第4水準2-86-18
矦,https://www.aozora.gr.jp/gaiji/2-82/2-82-22.png,「危」の「犯のつくり」に代えて「矢」、第4水準2-82-22
䡥,https://www.aozora.gr.jp/gaiji/2-86/2-86-67.png,「藝－云」、第4水準2-86-67
䊕,https://www.aozora.gr.jp/gaiji/1-90/1-90-15.png,「糸＋晃」、第3水準1-90-15
䀵,https://www.aozora.gr.jp/gaiji/1-06/1-06-88.png,半濁点付き小書き片仮名フ、1-6-88
。,https://www.aozora.gr.jp/gaiji/1-03/1-03-02.png,右向黒三角、1-3-2
㽬,https://www.aozora.gr.jp/gaiji/1-06/1-06-78.png,小書き片仮名ク、1-6-78
䀩,https://www.aozora.gr.jp/gaiji/1-05/1-05-93.png,半濁点付き片仮名ツ、1-5-93
ú,https://www.aozora.gr.jp/gaiji/1-09/1-09-79.png,アキュートアクセント付きU小文字
鶍,https://www.aozora.gr.jp/gaiji/2-94/2-94-27.png,「易＋鳥」、第4水準2-94-27
涿,https://www.aozora.gr.jp/gaiji/1-86/1-86-80.png,「さんずい＋（冢－冖）」、第3水準1-86-80
昱,https://www.aozora.gr.jp/gaiji/1-85/1-85-21.png,「日／立」、第3水準1-85-21
䈫,https://www.aozora.gr.jp/gaiji/1-86/1-86-85.png,「さんずい＋肥」、第3水準1-86-85
䠓,https://www.aozora.gr.jp/gaiji/2-85/2-85-62.png,「潟のつくり」、第4水準2-85-62
䗽,https://www.aozora.gr.jp/gaiji/2-78/2-78-28.png,「さんずい＋眄のつくり」、第4水準2-78-28
颸,https://www.aozora.gr.jp/gaiji/2-92/2-92-36.png,「風にょう＋思」、第4水準2-92-36
濞,https://www.aozora.gr.jp/gaiji/2-79/2-79-37.png,「さんずい＋鼾のへん」、第4水準2-79-37
䍺,https://www.aozora.gr.jp/gaiji/2-01/2-01-66.png,「にんべん＋屋」、第4水準2-1-66
屼,https://www.aozora.gr.jp/gaiji/2-08/2-08-25.png,「山＋兀」、第4水準2-8-25
砡,https://www.aozora.gr.jp/gaiji/2-82/2-82-35.png,「石＋玉」、第4水準2-82-35
罡,https://www.aozora.gr.jp/gaiji/2-84/2-84-76.png,「罘」の「不」に代えて「正」、第4水準2-84-76
䋡,https://www.aozora.gr.jp/gaiji/1-91/1-91-88.png,「不／見」、第3水準1-91-88
鏁,https://www.aozora.gr.jp/gaiji/2-91/2-91-32.png,「金＋樔のつくり」、第4水準2-91-32
榀,https://www.aozora.gr.jp/gaiji/1-85/1-85-89.png,「木＋品」、第3水準1-85-89
桛,https://www.aozora.gr.jp/gaiji/1-85/1-85-66.png,「木＋裃のつくり」、第3水準1-85-66
睽,https://www.aozora.gr.jp/gaiji/2-82/2-82-11.png,「目＋癸」、第4水準2-82-11
䐇,https://www.aozora.gr.jp/gaiji/2-04/2-04-60.png,「土へん＋丸」、第4水準2-4-60
稃,https://www.aozora.gr.jp/gaiji/1-89/1-89-44.png,「禾＋孚」、第3水準1-89-44
䉹,https://www.aozora.gr.jp/gaiji/1-89/1-89-37.png,「禾＋山」、第3水準1-89-37
䘮,https://www.aozora.gr.jp/gaiji/2-78/2-78-92.png,「さんずい＋封」、第4水準2-78-92
䈹,https://www.aozora.gr.jp/gaiji/1-87/1-87-26.png,「さんずい＋維」、第3水準1-87-26
觔,https://www.aozora.gr.jp/gaiji/1-91/1-91-90.png,「角＋力」、第3水準1-91-90
佐,https://www.aozora.gr.jp/gaiji/1-85/1-85-15.png,「日＋炳のつくり」、第3水準1-85-15
䉵,https://www.aozora.gr.jp/gaiji/1-89/1-89-16.png,「石＋駮」、第3水準1-89-16
髹,https://www.aozora.gr.jp/gaiji/1-94/1-94-26.png,「髟／休」、第3水準1-94-26
䛟,https://www.aozora.gr.jp/gaiji/2-81/2-81-44.png,「やまいだれ＋句」、第4水準2-81-44
䧨,https://www.aozora.gr.jp/gaiji/2-92/2-92-06.png,「革＋婢のつくり」、第4水準2-92-6
Ⅻ,https://www.aozora.gr.jp/gaiji/1-13/1-13-55.png,ローマ数字12、1-13-55
脖,https://www.aozora.gr.jp/gaiji/2-85/2-85-32.png,「月＋孛」、第4水準2-85-32
爀,https://www.aozora.gr.jp/gaiji/1-87/1-87-66.png,「火＋赫」、第3水準1-87-66
炻,https://www.aozora.gr.jp/gaiji/2-79/2-79-64.png,「火＋石」、第4水準2-79-64
簱,https://www.aozora.gr.jp/gaiji/1-89/1-89-72.png,「竹かんむり／（方＋其）」、第3水準1-89-72
ⅳ,https://www.aozora.gr.jp/gaiji/1-12/1-12-24.png,ローマ数字4小文字、1-12-24
丯,https://www.aozora.gr.jp/gaiji/1-14/1-14-05.png,「挈－刀－手」、第3水準1-14-5
芎,https://www.aozora.gr.jp/gaiji/1-90/1-90-62.png,「くさかんむり／弓」、第3水準1-90-62
蠋,https://www.aozora.gr.jp/gaiji/2-87/2-87-92.png,「虫＋蜀」、第4水準2-87-92
〔,https://www.aozora.gr.jp/gaiji/1-01/1-01-44.png,始めきっこう（亀甲）括弧、1-1-44
棁,https://www.aozora.gr.jp/gaiji/1-85/1-85-72.png,「木＋兌」、第3水準1-85-72
芾,https://www.aozora.gr.jp/gaiji/1-90/1-90-69.png,「くさかんむり／市」、第3水準1-90-69
瀆,https://www.aozora.gr.jp/gaiji/1-87/1-87-29.png,「さんずい＋賣」、第3水準1-87-29
摑,https://www.aozora.gr.jp/gaiji/1-84/1-84-89.png,「てへん＋國」、第3水準1-84-89
䙵,https://www.aozora.gr.jp/gaiji/2-79/2-79-93.png,「火＋膠のつくり」、第4水準2-79-93
䢸,https://www.aozora.gr.jp/gaiji/2-87/2-87-74.png,「虫＋縊のつくり」、第4水準2-87-74
䉟,https://www.aozora.gr.jp/gaiji/1-88/1-88-69.png,「白＋樂」、第3水準1-88-69
畎,https://www.aozora.gr.jp/gaiji/2-81/2-81-26.png,「田＋犬」、第4水準2-81-26
䕭,https://www.aozora.gr.jp/gaiji/2-14/2-14-40.png,「木＋冴のつくり」、第4水準2-14-40
䜑,https://www.aozora.gr.jp/gaiji/2-82/2-82-04.png,「目＋卓」、第4水準2-82-4
嘿,https://www.aozora.gr.jp/gaiji/2-04/2-04-36.png,「口＋（黨－尚）」、第4水準2-4-36
玠,https://www.aozora.gr.jp/gaiji/1-87/1-87-85.png,「王＋介」、第3水準1-87-85
緌,https://www.aozora.gr.jp/gaiji/1-90/1-90-11.png,「糸＋委」、第3水準1-90-11
稭,https://www.aozora.gr.jp/gaiji/2-82/2-82-94.png,「禾＋皆」、第4水準2-82-94
䗶,https://www.aozora.gr.jp/gaiji/2-78/2-78-20.png,「さんずい＋入」、第4水準2-78-20
䦘,https://www.aozora.gr.jp/gaiji/2-90/2-90-87.png,「金＋完」、第4水準2-90-87
䕪,https://www.aozora.gr.jp/gaiji/2-14/2-14-36.png,「木＋（朮－丶）」、第4水準2-14-36
羑,https://www.aozora.gr.jp/gaiji/1-90/1-90-27.png,「義」の「我」に代えて「久」、第3水準1-90-27
䕞,https://www.aozora.gr.jp/gaiji/2-14/2-14-02.png,「日＋折」、第4水準2-14-2
叵,https://www.aozora.gr.jp/gaiji/2-03/2-03-67.png,「匚＜口」、第4水準2-3-67
䣈,https://www.aozora.gr.jp/gaiji/2-88/2-88-02.png,「縊のつくり＋蜀」、第4水準2-88-2
䎽,https://www.aozora.gr.jp/gaiji/2-03/2-03-61.png,「古／又」、第4水準2-3-61
䊏,https://www.aozora.gr.jp/gaiji/1-89/1-89-86.png,「米＋羔」、第3水準1-89-86
䡩,https://www.aozora.gr.jp/gaiji/2-86/2-86-73.png,「くさかんむり／焉」、第4水準2-86-73
䥆,https://www.aozora.gr.jp/gaiji/2-89/2-89-76.png,「二点しんにょう＋千」、第4水準2-89-76
❶,https://www.aozora.gr.jp/gaiji/1-12/1-12-01.png,黒丸1、1-12-1
㌔,https://www.aozora.gr.jp/gaiji/1-13/1-13-33.png,全角キロ、1-13-33
㎞,https://www.aozora.gr.jp/gaiji/1-13/1-13-50.png,全角KM、1-13-50
